guest_email,hotel_id,has_rewards,room_type,amenities_fee,checkin_date,checkout_date,room_rate,billing_address,credit_card_number
awolf@phillips.com,HID_000,False,BASIC,37.89,27 Dec 2020,28 Dec 2020,156.23,"993 Rebecca Landing
Jesseburgh, PA 05072",4075084747483975747
tonya44@wilkinson-wilkins.com,HID_000,False,BASIC,24.37,30 Dec 2020,31 Dec 2020,139.43,"958 Beverly Bypass
South Ronald, GA 46368",180072822063468
harriskathleen@goodwin.com,HID_000,True,DELUXE,0.0,17 Sep 2020,19 Sep 2020,403.33,"8302 Nathaniel Pike
Rileyland, TX 71613",38983476971380
kayladiaz@wallace-simmons.com,HID_000,False,BASIC,,28 Dec 2020,30 Dec 2020,140.61,"77 Massachusetts Ave
Cambridge, MA 02139",4969551998845740
paigemendoza@tran-martin.com,HID_000,True,DELUXE,0.0,05 Apr 2020,10 Apr 2020,197.41,"1234 Corporate Drive
Boston, MA 02116",3558512986488983
alexanderparker@robinson.com,HID_000,True,BASIC,0.0,18 Oct 2020,19 Oct 2020,197.76,"888 Little Stream
Lake Annmouth, ME 16402",4701079720447404938
donald84@owens-arnold.org,HID_000,True,BASIC,0.0,22 Nov 2020,24 Nov 2020,108.09,"0156 Russell Trail Apt. 291
Port Scottchester, IA 23231",6011956907055260
keithbarnes@elliott-haley.com,HID_000,False,BASIC,16.45,04 Mar 2020,08 Mar 2020,136.12,"Unit 5037 Box 8794
DPO AP 31934",4266279461142102517
petermorton@garcia.biz,HID_000,False,BASIC,19.56,06 Jan 2020,09 Jan 2020,149.23,"583 Lewis Burgs
Port Jessetown, WI 21902",4779208902549
mark93@good-ramirez.biz,HID_000,False,BASIC,15.23,22 Jan 2020,,139.44,"54238 Mcgee Crescent
Briantown, WY 72770",676384499254
andrea71@johnson-chen.com,HID_000,False,BASIC,,15 Jun 2020,17 Jun 2020,131.09,"0910 Casey Land
Tammyville, TX 36463",3576959406725080
brian51@bowman-brooks.com,HID_000,False,BASIC,37.1,23 Oct 2020,25 Oct 2020,141.36,"329 Deborah Via
Nataliehaven, MO 87399",675991525725
pwilliams@cline.com,HID_000,False,BASIC,14.55,07 Mar 2020,12 Mar 2020,139.03,"904 Hines Rue
Port Gregory, MN 66236",4092078584581
banthony@jackson.biz,HID_000,False,BASIC,4.54,12 Aug 2020,14 Aug 2020,161.73,"862 Mueller Creek Apt. 492
Whiteland, WY 55940",4483421863642
hicksdiana@carpenter.net,HID_000,True,BASIC,0.0,01 Oct 2020,03 Oct 2020,103.8,"954 Taylor Burgs
Port Steveton, OR 26243",4253047975942
stevenscharlene@anderson.com,HID_000,False,BASIC,8.15,19 Jul 2020,21 Jul 2020,134.97,"4084 Heather Locks Apt. 091
Blackwellport, GA 62060",563273068871
margaret57@rodriguez.com,HID_000,False,DELUXE,17.94,14 Jul 2020,16 Jul 2020,282.27,"8302 Nathaniel Pike
Rileyland, TX 71613",3509825543444962
leehelen@valencia.info,HID_000,False,BASIC,9.76,02 Mar 2020,07 Mar 2020,253.68,"19711 Alvarado Route
East Lori, AR 26670",3559348543878898
dayers@bennett-ponce.com,HID_000,True,SUITE,0.0,16 Jul 2020,17 Jul 2020,254.43,"8594 Brian Lake Apt. 682
East Lisafort, MT 74116",2247314498652894
gracemorales@may.info,HID_000,True,BASIC,0.0,31 May 2020,02 Jun 2020,138.28,"8302 Nathaniel Pike
Rileyland, TX 71613",2290513662982427
whitestephen@moreno-clark.com,HID_000,False,BASIC,12.87,30 May 2020,01 Jun 2020,132.53,"77 Massachusetts Ave
Cambridge, MA 02139",180065036602337
elizabeth14@harrington.net,HID_000,False,BASIC,12.31,13 Oct 2020,17 Oct 2020,133.53,"Unit 8361 Box 9968
DPO AE 57371",4670439786825211106
ericayoung@neal.com,HID_000,False,BASIC,17.7,22 May 2020,24 May 2020,133.4,"502 Grant Spring Apt. 915
Patriciaport, VA 24312",4249793726653
heidi94@lopez.com,HID_000,False,BASIC,7.56,13 Sep 2020,15 Sep 2020,138.16,"329 Deborah Via
Nataliehaven, MO 87399",4010294825813198
thomas68@harris.org,HID_000,False,BASIC,13.74,27 Jul 2020,30 Jul 2020,179.4,"3826 Rowe Mission Suite 167
Jenniferhaven, CO 17091",213108431357494
tiffany07@johnson.org,HID_000,False,BASIC,10.76,30 Nov 2020,02 Dec 2020,165.95,"1753 Anna Circles Suite 976
West Amanda, GA 44322",30213206437256
phillipsjay@pineda-bender.com,HID_000,True,BASIC,0.0,26 Aug 2020,28 Aug 2020,121.31,"1234 Corporate Drive
Boston, MA 02116",4551878586989
millerrichard@robinson.com,HID_000,True,BASIC,0.0,05 Jul 2020,06 Jul 2020,113.97,"PSC 3637, Box 6528
APO AP 00600",343863920293179
xjohnson@baird.com,HID_000,True,BASIC,0.0,08 Dec 2020,11 Dec 2020,120.15,"0215 Chase Roads Suite 951
Port Joshua, MS 80335",571167792928
daniel92@gonzalez.com,HID_000,False,BASIC,9.76,05 Nov 2020,07 Nov 2020,143.07,"5678 Office Road
San Francisco, CA 94103",4704147652368811480
ucastaneda@mitchell.com,HID_000,True,DELUXE,0.0,03 Dec 2020,04 Dec 2020,219.39,"Unit 8361 Box 9968
DPO AE 57371",4104817616762
christinesingh@pena.info,HID_000,False,BASIC,3.77,05 May 2020,07 May 2020,135.68,"4758 Parsons Camp
Lake Annettehaven, DC 78176",2255876870833937
dillonmiranda@west.net,HID_000,False,BASIC,26.47,14 Nov 2020,15 Nov 2020,144.96,"5678 Office Road
San Francisco, CA 94103",4196831074465
whitneychen@taylor.com,HID_000,False,BASIC,14.03,11 Aug 2020,16 Aug 2020,143.15,"82622 Christopher Skyway Apt. 066
Hopkinsview, SC 55350",4372475126552
mduncan@mullins.info,HID_000,False,BASIC,,11 Aug 2020,14 Aug 2020,144.06,"977 Valentine Corner
North Davidmouth, VT 07522",4484017750569544
rjackson@castillo.com,HID_000,False,BASIC,17.32,03 Oct 2020,04 Oct 2020,150.77,"Unit 8361 Box 9968
DPO AE 57371",3563866109003415
ramosjames@gregory.com,HID_000,False,BASIC,28.41,12 Jul 2020,16 Jul 2020,149.48,"454 Jennifer Port
New Sandra, NY 05178",379626111119090
vscott@beltran.com,HID_000,False,BASIC,30.86,28 Jan 2020,31 Jan 2020,201.31,"43645 Clark Landing
West Williamtown, SC 77546",4026911632249
lsteele@mendoza.biz,HID_000,True,BASIC,0.0,20 Feb 2020,22 Feb 2020,118.41,"5678 Office Road
San Francisco, CA 94103",4942094262703149
martinsydney@stone.net,HID_000,False,BASIC,7.92,18 May 2020,21 May 2020,220.73,"0215 Chase Roads Suite 951
Port Joshua, MS 80335",586471481935
coreymurray@duran-martinez.com,HID_000,False,SUITE,32.68,21 Jan 2020,23 Jan 2020,327.29,"9726 Amber Station
East Keithland, ND 56091",4506717789672128364
daniel57@marsh-shaw.com,HID_000,False,BASIC,13.02,13 Sep 2020,14 Sep 2020,137.46,"7105 Lauren Cliffs Suite 835
Hartfurt, VT 96920",4495106062613062000
lhart@lozano-rogers.biz,HID_000,False,DELUXE,19.13,05 Aug 2020,06 Aug 2020,240.96,"19711 Alvarado Route
East Lori, AR 26670",2242995672400517
alan08@jordan.info,HID_000,False,BASIC,27.45,04 Jul 2020,06 Jul 2020,153.66,"4084 Heather Locks Apt. 091
Blackwellport, GA 62060",30277478142829
michael29@bauer.org,HID_000,True,DELUXE,0.0,13 Jul 2020,15 Jul 2020,201.3,"41459 Sarah Ranch
Floresview, ND 01693",4440004935964264
daltonward@ingram.com,HID_000,False,BASIC,9.51,06 Sep 2020,07 Sep 2020,198.11,"74489 Simmons Trail
Valdezstad, GA 17568",4799286980280913
gtorres@mckinney-baker.com,HID_000,False,BASIC,,20 May 2020,22 May 2020,187.76,"3826 Rowe Mission Suite 167
Jenniferhaven, CO 17091",30145483229883
jameswelch@levine.biz,HID_000,False,BASIC,,11 May 2020,15 May 2020,157.93,"77 Massachusetts Ave
Cambridge, MA 02139",30255137954032
grantwendy@bird.com,HID_000,False,BASIC,15.64,26 Jun 2020,28 Jun 2020,139.35,"0215 Chase Roads Suite 951
Port Joshua, MS 80335",4821889109737689
jonathan12@white-payne.com,HID_000,True,SUITE,0.0,19 Aug 2020,21 Aug 2020,268.16,"0784 Todd Manors
Jonesmouth, WY 42593",30240040028009
wmorgan@mahoney-pope.info,HID_000,True,DELUXE,0.0,08 Apr 2020,10 Apr 2020,257.55,"0784 Todd Manors
Jonesmouth, WY 42593",2349865661751281
nmiller@jordan.com,HID_000,False,BASIC,16.23,09 Jun 2020,10 Jun 2020,150.06,"5678 Office Road
San Francisco, CA 94103",3556805154473395
ashleycollins@conner.com,HID_000,False,BASIC,6.68,01 Jan 2021,03 Jan 2021,130.42,"1234 Corporate Drive
Boston, MA 02116",4153708178750118
david07@ramirez-stanton.com,HID_000,False,DELUXE,22.27,04 Feb 2020,07 Feb 2020,228.83,"4322 Wilson Squares
Matthewchester, HI 85123",180017311857920
fbowman@weaver.com,HID_000,False,BASIC,38.21,13 Sep 2020,16 Sep 2020,136.27,"958 Beverly Bypass
South Ronald, GA 46368",4016023549459142452
hbryan@george.com,HID_000,True,BASIC,0.0,09 May 2020,11 May 2020,163.57,"329 Deborah Via
Nataliehaven, MO 87399",4847818679193
markthomas@johnson.com,HID_000,False,BASIC,23.61,16 Aug 2020,18 Aug 2020,143.04,"1234 Corporate Drive
Boston, MA 02116",2294477661503079
brownmartha@armstrong.com,HID_000,True,BASIC,0.0,13 Oct 2020,16 Oct 2020,292.5,"958 Beverly Bypass
South Ronald, GA 46368",180064426198428
kimberlyrandolph@mueller-pratt.org,HID_000,False,SUITE,25.01,05 Jun 2020,07 Jun 2020,351.23,"4152 Alyssa Dale Suite 100
Port Joshua, UT 45333",3556723727485418
abrewer@martin.com,HID_000,False,SUITE,27.51,10 Mar 2020,12 Mar 2020,335.26,"54238 Mcgee Crescent
Briantown, WY 72770",2669631248945594
ehall@smith-stewart.com,HID_000,True,SUITE,0.0,25 Jun 2020,27 Jun 2020,262.99,"PSC 7921, Box 4282
APO AA 49483",3599849235456515
suttonmelissa@sanchez.com,HID_000,False,BASIC,28.02,12 Oct 2020,14 Oct 2020,178.1,"4811 Mariah Center
Port Timothyville, SD 37840",4462406877117731
kelly01@young-aguilar.com,HID_000,False,BASIC,32.25,28 Dec 2020,30 Dec 2020,140.79,"5895 Rebecca Cliff
East Elizabethhaven, NY 44803",349391012165075
erin19@johnson.com,HID_000,False,BASIC,28.18,09 Jan 2020,11 Jan 2020,133.81,"1234 Corporate Drive
Boston, MA 02116",4461033775093730
christopherschaefer@lee.org,HID_000,True,BASIC,0.0,16 Jan 2020,19 Jan 2020,135.45,"54238 Mcgee Crescent
Briantown, WY 72770",180095407605742
wfreeman@webb.com,HID_000,False,BASIC,26.14,20 Jul 2020,22 Jul 2020,145.34,"2506 Christopher Lock
Lake Paul, IL 17894",38651500078643
christine70@lane-klein.com,HID_000,False,BASIC,11.62,14 Jun 2020,17 Jun 2020,190.96,"0215 Chase Roads Suite 951
Port Joshua, MS 80335",38416070843739
haley68@clark.com,HID_000,False,BASIC,,22 Dec 2020,24 Dec 2020,143.66,"941 Samantha Port
North Ashley, DC 89806",2273379952126518
fordterri@jackson-chambers.org,HID_000,False,SUITE,31.68,05 Jan 2020,08 Jan 2020,313.65,"6535 Andre Mountain Suite 741
Melaniestad, VA 73781",372770926213149
tbutler@hill.com,HID_000,False,BASIC,10.28,24 Aug 2020,27 Aug 2020,169.23,"285 Singh Via Suite 786
Lake Ashley, AK 61126",676148456368
raymondmoreno@hayes.biz,HID_000,False,BASIC,22.87,05 Jun 2020,06 Jun 2020,128.07,"1234 Corporate Drive
Boston, MA 02116",38440331525190
cooperann@ayala.com,HID_000,True,BASIC,0.0,16 May 2020,17 May 2020,193.57,"3826 Rowe Mission Suite 167
Jenniferhaven, CO 17091",213137436802238
itorres@tyler.biz,HID_000,True,BASIC,0.0,27 Sep 2020,29 Sep 2020,224.13,"77 Massachusetts Ave
Cambridge, MA 02139",213173894511136
angela59@mathis.biz,HID_000,False,BASIC,28.04,10 Mar 2020,12 Mar 2020,138.1,"1234 Corporate Drive
Boston, MA 02116",3552531732620281
jhester@bennett.com,HID_000,False,DELUXE,28.45,16 Oct 2020,18 Oct 2020,225.02,"274 Brandon Square Apt. 679
North Michaelborough, AK 69146",213100856267969
marshallcarmen@hernandez.com,HID_000,True,SUITE,0.0,30 Jan 2020,02 Feb 2020,254.97,"19711 Alvarado Route
East Lori, AR 26670",372933357404500
billy92@alvarez-mcclure.com,HID_000,False,BASIC,32.9,06 Oct 2020,07 Oct 2020,173.07,"1234 Corporate Drive
Boston, MA 02116",180095059590051
tcox@griffith.com,HID_000,False,BASIC,23.72,07 Feb 2020,09 Feb 2020,141.41,"285 Singh Via Suite 786
Lake Ashley, AK 61126",587204144410
matthew31@vaughn.net,HID_000,False,BASIC,,22 Oct 2020,24 Oct 2020,136.04,"1234 Corporate Drive
Boston, MA 02116",30024532098062
vpatton@ramirez-jimenez.com,HID_000,False,BASIC,20.5,08 May 2020,12 May 2020,140.75,"954 Taylor Burgs
Port Steveton, OR 26243",38440114662640
shannonknight@joyce-moore.biz,HID_000,False,BASIC,25.64,20 May 2020,21 May 2020,287.15,"5678 Office Road
San Francisco, CA 94103",180015045859238
robert51@gordon-fisher.org,HID_000,False,BASIC,28.73,03 May 2020,08 May 2020,153.42,"77 Massachusetts Ave
Cambridge, MA 02139",4549468928629
patricialewis@bailey.biz,HID_000,False,BASIC,9.1,17 Dec 2020,18 Dec 2020,167.34,"PSC 3637, Box 6528
APO AP 00600",4666313723276
uburton@bean.com,HID_000,False,BASIC,30.12,30 Dec 2020,01 Jan 2021,168.68,"77 Massachusetts Ave
Cambridge, MA 02139",4985421083146672550
camachodawn@thomas-thompson.info,HID_000,False,BASIC,11.22,04 Feb 2020,06 Feb 2020,180.61,"904 Hines Rue
Port Gregory, MN 66236",4997172877158950
cball@wright.com,HID_000,False,BASIC,24.93,30 Jul 2020,31 Jul 2020,183.05,"583 Lewis Burgs
Port Jessetown, WI 21902",4411850363237942055
pamela57@sanders-hughes.com,HID_000,False,BASIC,27.41,27 Nov 2020,30 Nov 2020,134.87,"39373 Burgess Trace Suite 797
West Dianafort, MT 06944",213115290031599
fuentesdennis@lopez.com,HID_000,False,BASIC,15.81,22 Dec 2020,23 Dec 2020,141.2,"4152 Alyssa Dale Suite 100
Port Joshua, UT 45333",4687341156413122
williamsmatthew@vaughn.com,HID_000,False,SUITE,11.88,25 Mar 2020,29 Mar 2020,321.89,"977 Valentine Corner
North Davidmouth, VT 07522",4241673115783198
jessica72@jones.com,HID_000,False,BASIC,7.95,07 Apr 2020,09 Apr 2020,134.86,"65278 Jessica Park Apt. 006
Chaveztown, ME 95080",372955946988099
joshua26@trevino.org,HID_000,True,BASIC,0.0,15 Feb 2020,17 Feb 2020,162.9,"1234 Corporate Drive
Boston, MA 02116",4491757306201
colemanbradley@flores.com,HID_000,False,BASIC,14.6,15 Jan 2020,18 Jan 2020,137.16,"3826 Rowe Mission Suite 167
Jenniferhaven, CO 17091",3579007539433433
christopher46@phillips.info,HID_000,False,BASIC,1.62,18 Dec 2020,19 Dec 2020,143.56,"5678 Office Road
San Francisco, CA 94103",3580413909844349
blancharddenise@harris.org,HID_000,False,BASIC,18.49,22 Aug 2020,23 Aug 2020,135.05,"USNS Walsh
FPO AA 74186",6011949938610104
katrinajohns@villarreal-stout.net,HID_000,False,BASIC,19.12,16 Dec 2020,19 Dec 2020,136.1,"77 Massachusetts Ave
Cambridge, MA 02139",180032330097168
ilambert@edwards.net,HID_000,False,BASIC,18.73,04 Nov 2020,06 Nov 2020,169.18,"115 Robert Underpass
North Sandra, NH 53920",341355228072233
tracey24@hartman.org,HID_000,False,BASIC,8.63,04 Dec 2020,06 Dec 2020,137.87,"3654 Michelle Neck
Ryanport, IA 84925",6011643216990045
wgriffith@li.net,HID_000,False,BASIC,10.45,04 Jun 2020,08 Jun 2020,137.4,"PSC 6601, Box 6562
APO AE 40511",6511354105782676
williamsheather@fox-mcclain.org,HID_000,True,BASIC,0.0,08 May 2020,11 May 2020,132.9,"0292 Cynthia Rue
Brooketon, MN 34383",6564242690472975
piercedeborah@ali-myers.com,HID_000,False,DELUXE,35.24,17 Nov 2020,19 Nov 2020,251.88,"791 Tony Knolls
Lake Saraburgh, KY 85096",36569835461700
qgibson@santos.info,HID_001,False,BASIC,20.51,28 Mar 2020,29 Mar 2020,89.71,"77 Massachusetts Ave
Cambridge, MA 02139",4777448237417922
philiphardy@russell.com,HID_001,True,SUITE,0.0,22 Mar 2020,25 Mar 2020,191.64,"PSC 6939, Box 0471
APO AE 36341",4502023892727360
markwest@hernandez-foster.com,HID_001,False,BASIC,25.0,03 Jul 2020,05 Jul 2020,99.97,"0706 James Port Apt. 932
Hallchester, WV 96191",5367615474160752
nhicks@monroe-anderson.com,HID_001,False,BASIC,10.04,14 Oct 2020,16 Oct 2020,83.17,"764 Dalton Rue
Port Daniel, PA 18668",30323554525022
williamsdestiny@carpenter.com,HID_001,False,DELUXE,,22 Apr 2020,23 Apr 2020,132.92,"9636 Frederick Courts
West Kylemouth, KS 23072",373118575724256
gallowayamy@joseph.org,HID_001,False,DELUXE,15.82,03 Feb 2020,04 Feb 2020,181.31,"10593 Trevor Spurs Suite 511
Caitlinland, NE 16278",347282225600887
brooksnancy@griffin.net,HID_001,False,BASIC,4.15,14 Jun 2020,17 Jun 2020,137.0,"57920 Robert Knoll Suite 240
Amymouth, OR 65950",4658869601725
scottnicholas@kelly.net,HID_001,False,BASIC,,24 Nov 2020,26 Nov 2020,79.42,"77 Massachusetts Ave
Cambridge, MA 02139",213155799000869
jonathan18@bright.info,HID_001,False,BASIC,8.53,04 Jun 2020,08 Jun 2020,178.47,"5678 Office Road
San Francisco, CA 94103",30419965636059
fergusonraymond@gibson-mcneil.com,HID_001,False,BASIC,26.19,24 Aug 2020,26 Aug 2020,88.07,"57920 Robert Knoll Suite 240
Amymouth, OR 65950",2252018343618313
wagnerbrenda@morales.org,HID_001,False,BASIC,19.12,12 Aug 2020,16 Aug 2020,354.02,"66004 Martinez Divide Apt. 794
Lake Stevenburgh, NV 70195",4659352284524296
kristy68@murphy.com,HID_001,False,BASIC,8.43,17 Apr 2020,19 Apr 2020,111.66,"432 Hernandez Isle Apt. 900
Wesleytown, CT 13431",4422171371217911
danielle09@rice-lynch.com,HID_001,False,BASIC,23.51,03 May 2020,04 May 2020,89.36,"Unit 5408 Box 2975
DPO AE 95511",30199225878101
snydermegan@baldwin.org,HID_001,False,BASIC,27.23,07 Mar 2020,11 Mar 2020,144.25,"77 Massachusetts Ave
Cambridge, MA 02139",4694771390142882
fboyd@rodriguez.net,HID_001,False,BASIC,20.46,24 Dec 2020,26 Dec 2020,97.45,"5678 Office Road
San Francisco, CA 94103",30448774690379
christopher26@mitchell.com,HID_001,False,BASIC,21.6,12 Jan 2020,14 Jan 2020,97.85,"43997 Stephens Rapids Suite 190
Nelsonchester, MN 96006",4670080275619966
brianna07@dillon.info,HID_001,False,BASIC,7.91,21 Sep 2020,,96.67,"5678 Office Road
San Francisco, CA 94103",4786405354913132
zjones@smith.com,HID_001,False,BASIC,36.92,12 Jan 2020,14 Jan 2020,92.2,"55951 Williams Crossing
Johnshire, LA 44008",374550291674762
jkennedy@fernandez.com,HID_001,False,BASIC,8.87,04 Jan 2020,05 Jan 2020,112.87,"USCGC Ramos
FPO AE 75050",3592983036357106
kristinasmith@joseph.com,HID_001,True,DELUXE,0.0,31 Aug 2020,03 Sep 2020,150.18,"77 Massachusetts Ave
Cambridge, MA 02139",4336901449410022
bmcguire@pope.net,HID_001,False,BASIC,13.49,11 Apr 2020,12 Apr 2020,103.64,"694 Melinda Mall Suite 148
Angelafort, GA 02343",30080684591569
shawnjackson@mosley.info,HID_001,True,DELUXE,0.0,23 Nov 2020,25 Nov 2020,228.05,"USCGC Ramos
FPO AE 75050",36451959275663
henrymiller@wilson.com,HID_001,False,BASIC,25.42,03 Jan 2020,04 Jan 2020,80.17,"5678 Office Road
San Francisco, CA 94103",3538272281629485
vblevins@willis.info,HID_001,True,BASIC,0.0,01 Jan 2021,05 Jan 2021,72.63,"0196 Joanne Mews Apt. 453
Port Gailhaven, IA 95812",5185022100960301
dgreer@fisher.org,HID_001,False,BASIC,8.94,31 Oct 2020,,120.82,"43997 Stephens Rapids Suite 190
Nelsonchester, MN 96006",30574235553268
owensscott@myers-butler.com,HID_002,False,SUITE,24.41,29 Nov 2020,03 Dec 2020,233.91,"483 Julie Corner Apt. 727
Millerport, IN 05082",4721609258699477
wangedward@myers.com,HID_002,False,BASIC,16.69,01 Nov 2020,02 Nov 2020,62.6,"5436 Jennifer Roads
Brownville, MT 64791",4887862583537
robertsonphillip@garcia.com,HID_002,False,SUITE,44.31,12 Feb 2020,14 Feb 2020,145.76,"483 Julie Corner Apt. 727
Millerport, IN 05082",36346465663156
renee74@cruz.com,HID_002,False,BASIC,17.48,17 Jul 2020,19 Jul 2020,80.19,"36642 Mccall Groves
Nunezport, NY 92410",4396446225726370
ffrancis@cross.com,HID_002,False,BASIC,,07 May 2020,10 May 2020,59.13,"5678 Office Road
San Francisco, CA 94103",3556464505869610
camposbrian@pierce-weber.com,HID_002,False,BASIC,14.08,15 Jun 2020,18 Jun 2020,70.13,"77 Massachusetts Ave
Cambridge, MA 02139",4909911082323785
jamesstrong@maynard.biz,HID_002,False,SUITE,8.07,14 Jul 2020,16 Jul 2020,145.07,"2753 Shannon Roads
Ericksonton, WV 49892",6588056587844217
brian20@morse.org,HID_002,False,BASIC,17.95,02 Sep 2020,04 Sep 2020,53.47,"406 Kristine Drive Apt. 847
West Maryberg, DE 75746",3539624694322158
ortizlance@mendoza.com,HID_002,False,BASIC,3.35,02 Nov 2020,04 Nov 2020,105.57,"36642 Mccall Groves
Nunezport, NY 92410",4345023134240811153
danielstewart@scott.com,HID_002,False,BASIC,13.0,26 Nov 2020,27 Nov 2020,86.62,"36642 Mccall Groves
Nunezport, NY 92410",4328821750414545267
knightbrian@nguyen.com,HID_002,True,SUITE,0.0,25 Jan 2020,26 Jan 2020,110.75,"4710 Jenkins Parkways
East Briannamouth, MS 74321",4921129913905927243
john87@carrillo.com,HID_002,False,BASIC,4.89,28 Oct 2020,29 Oct 2020,66.92,"4710 Jenkins Parkways
East Briannamouth, MS 74321",3543129835276960
meghan44@wilson.com,HID_002,False,DELUXE,26.45,23 Sep 2020,25 Sep 2020,120.79,"1267 Smith Common Suite 020
Anthonyborough, CT 31983",2267164488468701
susan51@craig.biz,HID_002,False,SUITE,11.28,21 Feb 2020,24 Feb 2020,140.47,"1267 Smith Common Suite 020
Anthonyborough, CT 31983",4715935252703282596
danielgreen@thomas.com,HID_002,False,BASIC,15.77,31 May 2020,03 Jun 2020,65.76,"6986 Goodman Camp Suite 414
Bennettstad, ID 25272",30258408904835
thompsonbeth@anderson-savage.com,HID_003,False,BASIC,16.88,03 Feb 2020,05 Feb 2020,112.0,"77 Massachusetts Ave
Cambridge, MA 02139",6527318112458754
michael02@figueroa-lawrence.com,HID_003,False,DELUXE,,15 Jun 2020,19 Jun 2020,217.32,"567 Lee Mills Suite 056
New Colin, UT 61008",675925372673
christopher69@turner-guerrero.info,HID_003,False,BASIC,22.18,31 Dec 2020,01 Jan 2021,92.87,"567 Lee Mills Suite 056
New Colin, UT 61008",340615231241716
ballsharon@hunter.com,HID_003,False,DELUXE,11.01,06 Jul 2020,08 Jul 2020,162.52,"1234 Corporate Drive
Boston, MA 02116",213110767053440
hrussell@maldonado.com,HID_003,False,BASIC,31.27,12 Apr 2020,,92.02,"1234 Corporate Drive
Boston, MA 02116",676368887011
randallsampson@brown-nichols.net,HID_003,False,BASIC,4.86,13 Sep 2020,14 Sep 2020,313.59,"5678 Office Road
San Francisco, CA 94103",3569854859127703
dmiller@castro.info,HID_003,False,BASIC,46.31,22 May 2020,25 May 2020,203.05,"86563 Timothy Brook
North Terrifort, OH 29395",630470396379
barnettdavid@brown.com,HID_003,True,DELUXE,0.0,21 Apr 2020,26 Apr 2020,308.1,"5678 Office Road
San Francisco, CA 94103",630487336384
jaclyn64@smith-cox.info,HID_003,False,BASIC,26.02,22 Mar 2020,24 Mar 2020,134.47,"77 Massachusetts Ave
Cambridge, MA 02139",3516811154628177
melissamcmillan@peters.com,HID_003,False,BASIC,16.64,12 Dec 2020,15 Dec 2020,143.33,"Unit 4149 Box 7585
DPO AE 24272",4652200223696674
jeannehenderson@roy-hawkins.info,HID_003,False,BASIC,32.38,15 Aug 2020,16 Aug 2020,96.15,"1234 Corporate Drive
Boston, MA 02116",4744112099026719217
victoria35@nguyen-cameron.com,HID_003,False,BASIC,20.76,29 Mar 2020,31 Mar 2020,226.51,"7384 Bradley Summit Suite 347
Ellisstad, VA 75567",4817560351149313
dixonmichael@taylor.org,HID_003,False,BASIC,18.45,05 Dec 2020,09 Dec 2020,96.53,"227 Diaz Turnpike Suite 465
East Justin, PA 82425",342523967245869
erica17@savage.com,HID_003,False,BASIC,23.55,17 Jul 2020,19 Jul 2020,100.34,"77 Massachusetts Ave
Cambridge, MA 02139",4868108974345690
william41@carroll-nunez.net,HID_003,False,DELUXE,38.13,07 Sep 2020,09 Sep 2020,171.26,"8915 Morris Drive
West Jessica, ID 92464",2289650212884860
tmiller@graves.net,HID_003,False,BASIC,6.44,19 Mar 2020,21 Mar 2020,99.1,"2569 Mitchell Inlet
Townsendstad, FL 63610",577250947352
mark51@patterson.com,HID_003,True,DELUXE,0.0,21 May 2020,,173.44,"Unit 1074 Box 4160
DPO AP 70402",3522823232036861
lopezaaron@murphy.com,HID_003,False,BASIC,15.36,20 May 2020,22 May 2020,105.95,"5894 Lauren Road Apt. 527
Nancystad, DC 08681",373683267505149
wendy46@martinez.com,HID_003,True,DELUXE,0.0,14 Oct 2020,16 Oct 2020,144.81,"8267 Shannon Cliff Suite 984
Port Susanbury, IN 09179",630466644428
susanrhodes@dunn-blair.org,HID_003,False,BASIC,28.25,02 Aug 2020,05 Aug 2020,106.3,"8915 Morris Drive
West Jessica, ID 92464",342443259088226
flemingjenna@dorsey.com,HID_003,False,BASIC,8.24,19 Jun 2020,20 Jun 2020,167.24,"618 Marc Course
East Lindsey, IA 87109",30292545165695
joyce27@miles.com,HID_003,False,BASIC,18.19,02 Sep 2020,03 Sep 2020,100.95,"8915 Morris Drive
West Jessica, ID 92464",2280032920947033
zhiggins@carr.com,HID_003,False,BASIC,25.34,23 Jun 2020,26 Jun 2020,106.87,"USNS West
FPO AE 95786",676203077661
richardblackwell@foley.com,HID_003,False,BASIC,28.57,07 Jun 2020,,120.69,"3344 Renee Junction Suite 440
Contrerasburgh, SC 62239",213181175104752
josephdaniel@hunt.com,HID_003,False,BASIC,29.43,11 Mar 2020,13 Mar 2020,93.87,"88280 Evans Road Apt. 511
Heatherport, DE 09017",6530719286099776
marcuswalker@morgan.com,HID_003,True,BASIC,0.0,07 Jun 2020,10 Jun 2020,84.38,"9089 Adrian Flat Suite 666
East Lisa, DE 76889",213109973085642
stephaniebrown@hayes.com,HID_003,False,BASIC,11.66,26 Aug 2020,27 Aug 2020,124.31,"6433 Anne Drive
Melindaland, ME 90986",180038873379269
barrettdavid@key.com,HID_003,False,SUITE,18.16,02 Jun 2020,04 Jun 2020,289.47,"1234 Corporate Drive
Boston, MA 02116",4187085362540
kent04@scott.com,HID_003,False,SUITE,12.44,08 Feb 2020,09 Feb 2020,248.61,"02052 Lee Views Suite 314
West Denise, AZ 86474",4122571277584954
owensamanda@morales.com,HID_003,False,BASIC,11.33,17 Jul 2020,18 Jul 2020,100.25,"88280 Evans Road Apt. 511
Heatherport, DE 09017",2719470597559098
katherinehall@hammond.info,HID_003,False,BASIC,13.96,24 Dec 2020,25 Dec 2020,174.99,"882 Todd Street
South Mindy, GA 38046",375459893032404
aaron14@owens.info,HID_003,False,BASIC,12.03,22 Jan 2020,,106.1,"9105 Pope Springs
New Chad, MO 37071",3588029350475607
johnsondonald@simmons.com,HID_003,False,BASIC,26.02,09 Aug 2020,10 Aug 2020,110.72,"227 Diaz Turnpike Suite 465
East Justin, PA 82425",3510790619285763
david76@monroe.com,HID_003,True,SUITE,0.0,29 Dec 2020,31 Dec 2020,204.09,"1234 Corporate Drive
Boston, MA 02116",3502866604507005
suzanne15@bradley.net,HID_004,False,DELUXE,36.91,25 Nov 2020,27 Nov 2020,132.11,"0934 Allen Road Apt. 041
Marshallberg, MA 85658",3576763666120218
johnsonchristopher@carpenter.com,HID_004,False,BASIC,15.34,21 Nov 2020,22 Nov 2020,79.04,"77 Massachusetts Ave
Cambridge, MA 02139",4841972456530
orose@davenport.net,HID_004,False,DELUXE,12.11,27 Mar 2020,29 Mar 2020,118.58,"20103 Acevedo Springs
Port Ronaldberg, TX 18900",4130204719974712
warrenariel@klein.biz,HID_004,False,BASIC,20.02,10 Jun 2020,15 Jun 2020,83.83,"0934 Allen Road Apt. 041
Marshallberg, MA 85658",5145093459148391
ashley45@hull.org,HID_004,False,BASIC,30.18,15 Jul 2020,16 Jul 2020,77.76,"728 Catherine Pine Suite 068
Mitchelltown, PA 32005",6011553304627807
danielholloway@wallace.com,HID_004,False,BASIC,,28 Jul 2020,29 Jul 2020,76.41,"5678 Office Road
San Francisco, CA 94103",376953229878430
bpacheco@miller-hubbard.com,HID_004,False,BASIC,25.05,13 Oct 2020,14 Oct 2020,68.4,"1234 Corporate Drive
Boston, MA 02116",347244835093804
sroach@lewis.com,HID_004,False,BASIC,17.39,19 Aug 2020,21 Aug 2020,76.29,"0934 Allen Road Apt. 041
Marshallberg, MA 85658",213120584848534
stephanie08@bush-myers.net,HID_004,False,BASIC,25.55,23 Apr 2020,25 Apr 2020,79.79,"1234 Corporate Drive
Boston, MA 02116",676144531362
ibryant@smith.net,HID_004,False,BASIC,21.24,05 May 2020,07 May 2020,74.51,"77 Massachusetts Ave
Cambridge, MA 02139",3509120631131022
xnguyen@davidson.com,HID_004,False,BASIC,36.51,31 Jan 2020,03 Feb 2020,101.94,"85480 Donna Inlet
Sandovalberg, PA 18009",502006911122
jasonescobar@chen.com,HID_004,False,BASIC,21.54,19 Feb 2020,22 Feb 2020,178.45,"872 Cox Route Suite 723
New James, NY 15711",30271035466920
daniel24@singleton.org,HID_004,False,BASIC,19.55,29 Jan 2020,31 Jan 2020,91.02,"77 Massachusetts Ave
Cambridge, MA 02139",6580926936213868
acostajaime@davis.biz,HID_004,False,BASIC,5.49,31 May 2020,02 Jun 2020,104.75,"728 Catherine Pine Suite 068
Mitchelltown, PA 32005",30168167026284
raymond49@nguyen-macdonald.com,HID_004,False,BASIC,30.49,14 May 2020,18 May 2020,188.31,"05345 Harris Estate Suite 956
East Ryantown, NY 92824",3560726537629434
evansjason@rodriguez.com,HID_004,False,SUITE,15.84,13 Jan 2020,14 Jan 2020,190.9,"20103 Acevedo Springs
Port Ronaldberg, TX 18900",4513965131078842998
lyonskevin@davidson-cook.com,HID_004,False,DELUXE,3.49,25 May 2020,27 May 2020,205.95,"1096 Brown Pine
Amyview, NM 38924",4786105813867594
hlong@dixon-smith.net,HID_004,False,BASIC,25.35,16 Dec 2020,19 Dec 2020,72.16,"5678 Office Road
San Francisco, CA 94103",30023396083970
mccormickwilliam@willis.com,HID_004,False,DELUXE,7.96,11 Jun 2020,15 Jun 2020,129.51,"872 Cox Route Suite 723
New James, NY 15711",4816889184018457
johnnyray@sanders.biz,HID_004,False,DELUXE,34.62,27 Oct 2020,28 Oct 2020,185.52,"1096 Brown Pine
Amyview, NM 38924",4029003814345
figueroaandrea@powell.com,HID_005,False,BASIC,20.91,07 Jan 2020,08 Jan 2020,196.06,"1234 Corporate Drive
Boston, MA 02116",4505568918242007
parkerdavid@harris.com,HID_005,False,BASIC,,04 Jul 2020,06 Jul 2020,161.07,"77 Massachusetts Ave
Cambridge, MA 02139",3568025473513963
crawfordmichelle@bryant.com,HID_005,False,BASIC,0.53,24 Feb 2020,25 Feb 2020,124.28,"40290 Arellano Lights Suite 350
Hatfieldborough, IL 82614",4464672850504
kacosta@anderson-wagner.com,HID_005,True,SUITE,0.0,06 Jun 2020,10 Jun 2020,259.92,"976 Roberts Plains
Morrisville, NM 90925",676215192896
jonathanmarsh@smith.com,HID_005,True,SUITE,0.0,03 Feb 2020,05 Feb 2020,277.39,"736 Chad Ridge Suite 483
Bakerborough, NH 77901",4195308277286757
rebeccabrown@rodriguez-alexander.net,HID_005,False,BASIC,6.14,07 Mar 2020,09 Mar 2020,129.78,"70745 Tony Haven
East Meagan, SC 68040",6534440029223500
rjones@miller.biz,HID_005,False,BASIC,37.28,19 Dec 2020,22 Dec 2020,146.19,"77 Massachusetts Ave
Cambridge, MA 02139",4549607380239832
matthew61@sanchez.com,HID_005,False,BASIC,42.05,19 Sep 2020,20 Sep 2020,142.39,"70745 Tony Haven
East Meagan, SC 68040",2288722310337736
tammyleon@kim-ruiz.org,HID_005,False,BASIC,8.17,02 Dec 2020,04 Dec 2020,140.17,"59097 Melissa Shore Apt. 202
Lake Cynthialand, KY 40602",630438876835
travis86@gutierrez.com,HID_005,False,BASIC,39.16,26 Jul 2020,30 Jul 2020,136.87,"7610 Amanda Islands Apt. 459
Vincentmouth, HI 85549",4866327371449
samantha42@farley-king.com,HID_005,False,BASIC,,27 May 2020,30 May 2020,150.97,"2663 Kayla Courts Suite 911
New Drew, IN 76869",582573348700
olivia63@ward.biz,HID_005,False,DELUXE,13.36,04 Nov 2020,07 Nov 2020,276.89,"1234 Corporate Drive
Boston, MA 02116",503828222672
andreabrown@benton.com,HID_005,False,BASIC,,19 Dec 2020,22 Dec 2020,127.65,"PSC 7185, Box 7670
APO AA 03138",2720806787705982
michellepayne@bell.com,HID_005,False,BASIC,12.08,01 Jan 2021,05 Jan 2021,176.16,"USCGC King
FPO AP 59901",4361505941834340470
smiththeodore@martinez-turner.net,HID_005,False,BASIC,28.6,17 Jul 2020,21 Jul 2020,145.25,"1234 Corporate Drive
Boston, MA 02116",630429148525
woodardwalter@riggs-martinez.net,HID_005,False,DELUXE,17.69,02 Sep 2020,04 Sep 2020,241.35,"3967 Jacqueline Prairie
Keithfort, MS 18918",2223825315546918
christinerandall@adkins.com,HID_005,False,BASIC,19.34,28 Dec 2020,30 Dec 2020,126.45,"77 Massachusetts Ave
Cambridge, MA 02139",213110458851623
zjenkins@bryant.com,HID_005,False,BASIC,17.91,05 Apr 2020,07 Apr 2020,142.99,"1234 Corporate Drive
Boston, MA 02116",3587727889318567
sherry12@little-levine.com,HID_005,False,DELUXE,18.26,06 Dec 2020,,298.64,"8547 Dennis Trafficway
Clarkeborough, GA 05877",5122549867600577
samanthacampbell@flores-adams.com,HID_005,False,BASIC,24.24,10 May 2020,14 May 2020,126.82,"1234 Corporate Drive
Boston, MA 02116",6535041490801425
qshepard@west-yu.com,HID_005,True,DELUXE,0.0,17 Aug 2020,19 Aug 2020,170.78,"1040 Michael Drive Apt. 855
West Lauriefort, WI 56689",180001205087588
jennifer69@brown-burns.com,HID_005,False,SUITE,,28 Jun 2020,03 Jul 2020,303.51,"5234 West Brook
Suarezmouth, MD 84370",3553228591281961
codyandrews@schwartz.org,HID_005,False,BASIC,31.66,20 Nov 2020,22 Nov 2020,146.21,"2659 Tina Crest
Clarkside, HI 63278",4792686284819
carlsontanya@walker.com,HID_005,False,BASIC,34.43,16 Sep 2020,18 Sep 2020,338.1,"8547 Dennis Trafficway
Clarkeborough, GA 05877",341931184277246
amyreed@may.com,HID_005,False,DELUXE,17.79,10 Dec 2020,13 Dec 2020,271.79,"1234 Corporate Drive
Boston, MA 02116",4647408043101
lestertracy@valenzuela-arnold.com,HID_005,False,BASIC,19.37,31 Aug 2020,03 Sep 2020,226.98,"77 Massachusetts Ave
Cambridge, MA 02139",4262054421369
amyjackson@herrera-donovan.com,HID_005,True,DELUXE,0.0,21 Jun 2020,23 Jun 2020,190.18,"8265 Graves Lock Suite 660
Huffhaven, MA 86207",30209616199973
stephen46@leblanc.com,HID_005,False,BASIC,14.58,17 Jan 2020,21 Jan 2020,201.29,"06969 Joseph Summit Suite 597
Amyfort, AR 71121",180078948166176
tannerjason@yates-irwin.com,HID_005,False,BASIC,14.99,23 Oct 2020,24 Oct 2020,135.31,"77 Massachusetts Ave
Cambridge, MA 02139",345431208344557
megandunlap@black.net,HID_005,False,BASIC,15.91,23 Feb 2020,25 Feb 2020,157.08,"56685 Shaffer Junction
Kingview, MT 98510",3512632536457729
millerrebecca@garza-ramirez.info,HID_005,False,BASIC,21.44,02 Jul 2020,04 Jul 2020,135.37,"USCGC Ward
FPO AP 76306",3596317917116131
michael04@chang.com,HID_005,False,BASIC,20.76,26 Oct 2020,28 Oct 2020,131.6,"7610 Amanda Islands Apt. 459
Vincentmouth, HI 85549",4393053708948449
andrewsmelinda@robinson.com,HID_005,False,BASIC,37.02,04 Dec 2020,10 Dec 2020,142.94,"41003 David Burg
Courtneyburgh, DE 82832",5253363671341787
aaronmills@thompson.info,HID_005,False,BASIC,30.06,21 May 2020,24 May 2020,132.48,"538 Johnson Manor Suite 830
Port Taylor, OK 33142",4386369015836025611
lharris@nguyen-rodriguez.org,HID_005,False,BASIC,1.3,09 May 2020,11 May 2020,194.33,"894 Jamie Port
North Gina, OK 03582",349054165918571
gbishop@ward-wilson.com,HID_005,False,DELUXE,2.21,05 Jul 2020,07 Jul 2020,234.41,"87116 Woods Station Suite 702
Gonzalezstad, MA 94348",3527866019220104
jennifer22@clark.biz,HID_005,False,BASIC,35.54,22 Mar 2020,26 Mar 2020,149.97,"0351 Sheila Plains Apt. 499
Lake Jenniferchester, NH 82921",3521355552788491
lauren07@smith-shelton.com,HID_005,False,BASIC,26.97,31 Mar 2020,02 Apr 2020,134.33,"945 Timothy Station
Amyhaven, OK 33687",4617878838057971508
arodgers@davis-matthews.info,HID_005,False,BASIC,23.31,06 Jun 2020,07 Jun 2020,190.56,"5678 Office Road
San Francisco, CA 94103",3588046941078138
yray@vega.com,HID_005,False,BASIC,32.25,04 Jul 2020,06 Jul 2020,129.66,"8277 Miller Harbor Suite 970
Andersonberg, IA 73306",30513621920616
taylorrichard@erickson.org,HID_005,False,BASIC,25.34,02 Oct 2020,05 Oct 2020,158.87,"77 Massachusetts Ave
Cambridge, MA 02139",4311239747626
nathanielosborne@walsh.org,HID_005,False,BASIC,27.98,28 Apr 2020,30 Apr 2020,134.14,"02706 Belinda Cape
Lake Jake, RI 74830",30423181434018
john27@knight.com,HID_005,False,BASIC,17.74,26 Mar 2020,28 Mar 2020,127.85,"77 Massachusetts Ave
Cambridge, MA 02139",3537913999279052
kristindean@wolf.com,HID_005,False,BASIC,1.14,19 Aug 2020,21 Aug 2020,132.31,"8547 Dennis Trafficway
Clarkeborough, GA 05877",3570660195235028
taylor65@edwards.net,HID_005,False,BASIC,21.16,10 Mar 2020,11 Mar 2020,128.98,"77 Massachusetts Ave
Cambridge, MA 02139",2292496381018780
adam93@brown-cook.com,HID_005,False,BASIC,33.3,21 Jul 2020,23 Jul 2020,136.24,"5678 Office Road
San Francisco, CA 94103",180008607234387
tannermclaughlin@morales-griffith.net,HID_005,False,BASIC,24.29,11 Feb 2020,12 Feb 2020,134.31,"8277 Miller Harbor Suite 970
Andersonberg, IA 73306",213148149852741
lamstephen@torres.com,HID_005,True,SUITE,0.0,23 Aug 2020,25 Aug 2020,267.44,"505 Jennifer Knolls Suite 323
North Paula, KY 82431",38268870580957
ronaldfox@davis-henderson.com,HID_005,False,BASIC,8.49,06 Jul 2020,08 Jul 2020,155.34,"8277 Miller Harbor Suite 970
Andersonberg, IA 73306",3544139526251650
nguyenfrank@dean.com,HID_005,False,BASIC,13.89,24 Oct 2020,25 Oct 2020,137.33,"84773 Ramirez Inlet
Victoriahaven, HI 16065",2299135941297111
amanda60@myers.biz,HID_005,False,BASIC,29.3,09 Apr 2020,11 Apr 2020,139.57,"06873 Cheryl Locks
Jordanfort, WA 45466",3531269791719357
cartersharon@barber.com,HID_005,False,BASIC,21.52,09 Dec 2020,10 Dec 2020,146.82,"5658 Ayers Summit Suite 822
East James, NH 11239",3534110973390921
denise67@graves.com,HID_005,False,BASIC,20.01,21 Feb 2020,23 Feb 2020,131.71,"1234 Corporate Drive
Boston, MA 02116",4880089483125712
rachelclark@flores-johnston.com,HID_005,False,BASIC,23.35,11 Nov 2020,12 Nov 2020,160.78,"60138 Powers Passage
Garzafort, WY 19249",2282985436405960
vanessa64@james.com,HID_005,False,BASIC,23.75,09 Apr 2020,14 Apr 2020,166.63,"2663 Kayla Courts Suite 911
New Drew, IN 76869",4240770725084651
vickie08@martin.com,HID_005,False,BASIC,20.01,01 May 2020,02 May 2020,144.62,"77 Massachusetts Ave
Cambridge, MA 02139",4997311971496938
christinerobinson@reilly.org,HID_005,False,BASIC,,06 Jul 2020,07 Jul 2020,340.24,"77 Massachusetts Ave
Cambridge, MA 02139",180045688397287
edwardsmith@solomon.com,HID_005,False,BASIC,24.96,17 Jul 2020,20 Jul 2020,170.27,"51683 Walker Pike
Samanthastad, MD 31254",3514482331204324
xmartinez@keith.net,HID_005,False,BASIC,6.68,05 Apr 2020,07 Apr 2020,137.95,"5678 Office Road
San Francisco, CA 94103",3581070565675786
rtran@villarreal.net,HID_005,False,BASIC,45.45,11 Jul 2020,13 Jul 2020,133.98,"6830 Schroeder Alley
Charlesshire, KY 48638",4305448322064
mgrimes@ruiz-phillips.info,HID_005,False,SUITE,,02 Feb 2020,,315.92,"20882 Phillip Bypass Apt. 630
South Sarah, NV 76445",36879684853729
brandychambers@pope.net,HID_005,False,BASIC,20.84,27 Oct 2020,28 Oct 2020,132.16,"Unit 1849 Box 7142
DPO AP 93843",213187093549481
moorekimberly@burnett.com,HID_005,False,BASIC,44.86,18 Jan 2020,21 Jan 2020,182.1,"USCGC Ward
FPO AP 76306",501880466534
stephanienavarro@caldwell.com,HID_005,False,BASIC,,13 Sep 2020,14 Sep 2020,130.0,"5658 Ayers Summit Suite 822
East James, NH 11239",4277661657153877110
harrispaul@wright.com,HID_005,False,BASIC,23.07,31 Jul 2020,03 Aug 2020,138.52,"72230 Scott Forks Apt. 573
Rodneychester, NH 83261",2642252253633561
diazmichael@pennington.com,HID_005,False,BASIC,19.35,26 Apr 2020,30 Apr 2020,131.83,"611 Carl Manor
Greenville, GA 48838",30563405308512
adrian24@glover.com,HID_005,False,SUITE,30.53,02 Oct 2020,04 Oct 2020,357.18,"72376 Nicole Manor Suite 530
West Jenniferville, AL 56448",4409401218457
vbenjamin@white.info,HID_005,False,DELUXE,33.41,01 Oct 2020,03 Oct 2020,214.86,"72230 Scott Forks Apt. 573
Rodneychester, NH 83261",2242858504643920
margaret65@colon.info,HID_005,False,DELUXE,45.31,26 Sep 2020,27 Sep 2020,223.98,"Unit 4753 Box 8396
DPO AE 20549",2259037994823561
fdyer@peters-rasmussen.com,HID_005,False,BASIC,36.32,11 Nov 2020,,137.78,"6222 Wesley Green
Eduardomouth, NM 67171",180090961524140
robert23@barker-rodriguez.org,HID_005,True,SUITE,0.0,27 Apr 2020,28 Apr 2020,267.64,"620 English Burgs
South Stephaniemouth, OH 37266",3564580565066803
zcollins@lucas-woodard.com,HID_005,False,BASIC,17.77,04 Apr 2020,06 Apr 2020,151.85,"20882 Phillip Bypass Apt. 630
South Sarah, NV 76445",6011972343250696
charles38@hughes.com,HID_005,True,BASIC,0.0,19 Jul 2020,21 Jul 2020,112.19,"87116 Woods Station Suite 702
Gonzalezstad, MA 94348",6594176309953658
scott14@chan-newton.info,HID_005,False,BASIC,14.47,12 Mar 2020,,174.0,"620 English Burgs
South Stephaniemouth, OH 37266",4061453896720
cbarnes@hill-morrison.com,HID_005,False,BASIC,12.77,04 Feb 2020,07 Feb 2020,147.52,"85816 Dillon Glens
West Daniel, AL 38610",345028247663391
nicole90@leon.net,HID_005,False,BASIC,31.54,12 Sep 2020,15 Sep 2020,356.9,"02706 Belinda Cape
Lake Jake, RI 74830",2278238385507865
evaughn@mahoney-marshall.org,HID_005,False,BASIC,21.99,05 Sep 2020,09 Sep 2020,124.44,"40290 Arellano Lights Suite 350
Hatfieldborough, IL 82614",180009063208618
klam@rich.com,HID_005,False,BASIC,21.11,17 Nov 2020,19 Nov 2020,157.36,"77 Massachusetts Ave
Cambridge, MA 02139",370036296903624
fordjeffrey@garrison.net,HID_005,False,BASIC,43.9,05 Aug 2020,06 Aug 2020,127.06,"77 Massachusetts Ave
Cambridge, MA 02139",3558843503700125
perkinspatricia@mcknight.com,HID_005,False,BASIC,,09 Sep 2020,11 Sep 2020,129.04,"1040 Michael Drive Apt. 855
West Lauriefort, WI 56689",30391311896796
aliciawhite@morgan.com,HID_005,False,BASIC,13.52,24 Dec 2020,25 Dec 2020,266.22,"1408 Timothy Estates
South Shaunshire, TN 06886",6517036876730703
jameslopez@sanchez-roberts.com,HID_005,True,DELUXE,0.0,30 Nov 2020,01 Dec 2020,282.99,"70253 Gould Valleys Suite 078
Christieside, MN 41645",4517353558546
henryjames@jackson-rivera.info,HID_005,False,BASIC,12.47,02 Mar 2020,04 Mar 2020,123.14,"20882 Phillip Bypass Apt. 630
South Sarah, NV 76445",6011209856375218
debra08@richard.net,HID_005,True,SUITE,0.0,01 Oct 2020,02 Oct 2020,256.07,"99304 Lloyd Walks
North Morgan, KS 97579",4128750344784243
matthew02@bailey.com,HID_005,False,BASIC,23.08,29 Jul 2020,31 Jul 2020,138.81,"02706 Belinda Cape
Lake Jake, RI 74830",4924298492220823436
nicolasking@green.com,HID_005,False,BASIC,29.47,29 Aug 2020,30 Aug 2020,122.38,"1234 Corporate Drive
Boston, MA 02116",4336927386815463358
sullivanjasmine@camacho.com,HID_005,False,BASIC,,28 May 2020,29 May 2020,139.13,"8277 Miller Harbor Suite 970
Andersonberg, IA 73306",6011151039438200
chasecarly@bowen.com,HID_005,False,BASIC,29.4,07 Jun 2020,11 Jun 2020,149.77,"46621 Tanner Valley
Lake Cynthiaborough, PA 11397",676124784965
joshua88@sanchez.com,HID_005,False,DELUXE,22.86,09 Aug 2020,13 Aug 2020,234.96,"20882 Phillip Bypass Apt. 630
South Sarah, NV 76445",4156771134855741
becky11@pierce-keith.biz,HID_005,False,BASIC,28.41,04 Aug 2020,07 Aug 2020,122.73,"3067 Vaughn Wells Apt. 331
Lake Brettshire, OK 55562",3592580299560036
cabbott@oliver.com,HID_005,True,SUITE,0.0,08 Aug 2020,10 Aug 2020,300.81,"207 Bryant Route
Websterfort, NM 85169",180041661134086
phillipsthomas@ramos.org,HID_005,False,DELUXE,,04 Oct 2020,05 Oct 2020,235.65,"1820 Michael Spring Suite 666
Teresachester, ME 68976",2701418478441100
hallgary@ibarra-tanner.com,HID_005,False,BASIC,24.51,04 Dec 2020,08 Dec 2020,138.88,"1234 Corporate Drive
Boston, MA 02116",3512488167936766
opowell@weber-williams.com,HID_005,False,DELUXE,15.77,14 Jun 2020,16 Jun 2020,219.45,"611 Carl Manor
Greenville, GA 48838",4815953014088824
douglaswanda@kemp.biz,HID_005,True,BASIC,0.0,31 Oct 2020,01 Nov 2020,136.93,"620 English Burgs
South Stephaniemouth, OH 37266",4804915113147390
jeremy52@nguyen.com,HID_005,False,BASIC,8.95,17 Sep 2020,20 Sep 2020,170.31,"60138 Powers Passage
Garzafort, WY 19249",3537159163243058
tsmith@massey.com,HID_005,False,BASIC,19.61,23 Sep 2020,25 Sep 2020,132.4,"8547 Dennis Trafficway
Clarkeborough, GA 05877",3587763575075104
davidgonzales@miller.com,HID_005,False,BASIC,20.85,24 Sep 2020,27 Sep 2020,141.97,"1226 Johnson Overpass Apt. 095
North Joseph, AZ 93101",4223691597674108967
ralph17@silva-evans.com,HID_005,False,BASIC,7.01,09 Sep 2020,10 Sep 2020,165.92,"8050 Timothy Rest
East Lorishire, IL 14392",349188863825496
sbennett@turner.net,HID_005,False,BASIC,,15 Jan 2020,16 Jan 2020,122.84,"95401 Michelle Street Apt. 560
Edwardburgh, NM 80885",4068410228877611
johnsonmark@rodriguez.com,HID_005,False,BASIC,13.74,10 Oct 2020,11 Oct 2020,142.59,"8547 Dennis Trafficway
Clarkeborough, GA 05877",6538093840415213
anthony69@jones.biz,HID_005,False,BASIC,6.01,18 Apr 2020,22 Apr 2020,122.98,"5678 Office Road
San Francisco, CA 94103",340426633308198
robert15@thompson-glass.com,HID_005,True,SUITE,0.0,21 May 2020,22 May 2020,247.98,"78114 Jackson Ramp
Rebeccachester, LA 03214",503814820133
juliapittman@clark.net,HID_005,False,BASIC,,19 Apr 2020,22 Apr 2020,152.13,"47505 Marc Trail Apt. 721
Stacymouth, KY 83482",4535703773107565
paul18@brown.com,HID_005,False,BASIC,13.02,15 Feb 2020,16 Feb 2020,137.39,"60138 Powers Passage
Garzafort, WY 19249",676225456455
jacksonjohn@morrison.com,HID_005,False,BASIC,25.37,14 Dec 2020,16 Dec 2020,133.46,"77 Massachusetts Ave
Cambridge, MA 02139",3556224774706236
mjackson@carr-medina.biz,HID_005,False,DELUXE,3.56,29 Apr 2020,01 May 2020,224.94,"47505 Marc Trail Apt. 721
Stacymouth, KY 83482",4105672673894042948
megan77@erickson.com,HID_005,False,BASIC,27.41,31 Jan 2020,01 Feb 2020,166.91,"77 Massachusetts Ave
Cambridge, MA 02139",4837308599571
donald43@white-lewis.com,HID_005,False,BASIC,20.44,03 May 2020,05 May 2020,160.72,"2659 Tina Crest
Clarkside, HI 63278",213126986129738
john24@charles-combs.info,HID_005,True,DELUXE,0.0,25 Jul 2020,26 Jul 2020,177.14,"8265 Graves Lock Suite 660
Huffhaven, MA 86207",4859705041485121211
dlee@davis-camacho.info,HID_005,False,BASIC,25.24,04 May 2020,05 May 2020,146.92,"64876 Watts Viaduct
Ellisonburgh, HI 71596",4605397202536661
landrykristi@scott.com,HID_005,False,BASIC,22.5,05 Apr 2020,,132.54,"70253 Gould Valleys Suite 078
Christieside, MN 41645",180088999404954
katherine31@carr-adkins.biz,HID_005,False,BASIC,23.53,17 Oct 2020,20 Oct 2020,342.37,"5678 Office Road
San Francisco, CA 94103",3550937868345092
stephanie20@simmons-hancock.net,HID_005,False,BASIC,21.13,18 Jun 2020,20 Jun 2020,129.59,"72376 Nicole Manor Suite 530
West Jenniferville, AL 56448",30586794174732
wardkevin@williams.com,HID_005,False,DELUXE,23.54,03 Nov 2020,04 Nov 2020,224.69,"70253 Gould Valleys Suite 078
Christieside, MN 41645",6011351290068171
suzannedavis@bush-hahn.info,HID_005,False,DELUXE,11.83,16 Feb 2020,18 Feb 2020,224.17,"3732 Huang Station
West Allisonbury, IA 77734",2457841700976302
tonya92@ross.biz,HID_005,True,BASIC,0.0,10 Dec 2020,12 Dec 2020,108.95,"50344 Francis Port
Quinnborough, ND 38036",6011923100915542
karaperkins@bowman.com,HID_005,False,BASIC,19.45,20 Oct 2020,23 Oct 2020,143.13,"99871 Webster Trace
Reedview, NY 27047",6011494113765795
danieljones@shaw.com,HID_005,True,DELUXE,0.0,04 Jan 2020,05 Jan 2020,194.39,"99304 Lloyd Walks
North Morgan, KS 97579",3551872705853454
rchambers@moore.biz,HID_005,False,BASIC,,16 Jan 2020,17 Jan 2020,123.98,"5678 Office Road
San Francisco, CA 94103",4050822974796672
catherine45@daugherty-moss.com,HID_005,False,BASIC,16.73,06 Jan 2020,10 Jan 2020,131.32,"9141 Justin Dale
Ruthberg, UT 50717",501873049891
anthony34@hart.com,HID_005,True,DELUXE,0.0,30 Aug 2020,31 Aug 2020,173.36,"6065 Mike Ways Apt. 870
New Michaelburgh, IA 02157",4580313805207328
aprilmoore@miller.info,HID_005,True,BASIC,0.0,11 Nov 2020,,165.14,"976 Roberts Plains
Morrisville, NM 90925",6011427456407526
roseleslie@harding.com,HID_005,False,BASIC,20.25,09 Dec 2020,11 Dec 2020,356.35,"9228 Tanya Field Suite 772
East Brettmouth, MT 59399",4264238784507229
lambertamanda@wood.com,HID_005,False,DELUXE,36.38,24 Jul 2020,25 Jul 2020,290.1,"Unit 5637 Box 6623
DPO AP 25578",213185177375682
martinezsamuel@banks-robinson.com,HID_006,True,SUITE,0.0,14 Oct 2020,16 Oct 2020,415.52,"1234 Corporate Drive
Boston, MA 02116",6538951427246931
grimesjay@robles.biz,HID_006,False,SUITE,20.01,27 Aug 2020,29 Aug 2020,390.09,"94810 Gonzalez Fields Apt. 633
East Melissaberg, ME 33196",375403056625729
michaelsarah@allison.com,HID_006,False,DELUXE,17.1,05 Jul 2020,06 Jul 2020,274.87,"5678 Office Road
San Francisco, CA 94103",6525778941640736
courtneydavis@peterson.info,HID_006,False,BASIC,16.22,18 Mar 2020,19 Mar 2020,151.41,"9216 Douglas Haven Suite 749
North Andrew, TN 96499",4735645776468312
chandlererika@scott-johnson.com,HID_006,False,BASIC,15.19,05 Mar 2020,08 Mar 2020,169.92,"77 Massachusetts Ave
Cambridge, MA 02139",6580581664581117
carol95@jones-johnson.info,HID_006,False,BASIC,17.59,16 Sep 2020,19 Sep 2020,164.59,"7646 Kennedy Drive
West Julia, MI 16963",213140923374992
uruiz@martin-lopez.info,HID_006,False,BASIC,13.52,05 Jan 2020,07 Jan 2020,161.74,"0780 Becker Plaza Apt. 577
Port Margaretborough, MO 61930",375893556606593
wmeza@mccoy.net,HID_006,True,DELUXE,0.0,31 Oct 2020,03 Nov 2020,237.53,"77 Massachusetts Ave
Cambridge, MA 02139",213148710568932
robertroberts@martinez.com,HID_006,False,BASIC,26.36,26 Sep 2020,27 Sep 2020,180.6,"PSC 6626, Box 2231
APO AE 06142",4177046761633
ujones@wells.org,HID_006,False,BASIC,37.4,10 Dec 2020,12 Dec 2020,156.92,"1234 Corporate Drive
Boston, MA 02116",6011246525490358
kerrjordan@johnson.com,HID_006,False,BASIC,38.23,22 Jul 2020,24 Jul 2020,158.28,"5678 Office Road
San Francisco, CA 94103",3565383642594957
james80@ray.com,HID_006,False,BASIC,24.31,22 May 2020,24 May 2020,162.48,"PSC 2237, Box 8459
APO AA 67210",2720658683927065
ashleyjohnson@garcia.net,HID_006,False,BASIC,18.63,14 Jun 2020,15 Jun 2020,190.03,"Unit 5745 Box 3915
DPO AA 20875",2245094777662333
smitchell@williams-cabrera.com,HID_006,True,SUITE,0.0,20 Aug 2020,21 Aug 2020,335.21,"755 Anna Trail
Jasonmouth, NY 25415",213144848331574
cookjaclyn@osborn-gardner.info,HID_006,False,BASIC,32.98,01 Sep 2020,02 Sep 2020,155.44,"77 Massachusetts Ave
Cambridge, MA 02139",3538192334576428
jennifersteele@alexander.com,HID_006,False,BASIC,26.75,28 Oct 2020,29 Oct 2020,156.56,"62921 Stevens Bypass
Anthonystad, IA 37872",2247214753294210
kimberlyboyd@foster.com,HID_006,False,BASIC,20.32,05 Dec 2020,07 Dec 2020,191.97,"165 Brandon Stravenue
Jimenezberg, UT 72575",3533361545604247
dennishayes@johnson.org,HID_006,False,SUITE,25.16,05 Feb 2020,07 Feb 2020,471.99,"5777 Hughes Key Apt. 923
Whitemouth, UT 58576",4121250586225044
jessica66@fisher.com,HID_006,False,BASIC,16.45,17 Feb 2020,21 Feb 2020,169.47,"0088 Wolf Valleys Suite 126
Mooreborough, WY 34196",30345836592199
kduncan@knight.info,HID_006,True,BASIC,0.0,21 Jan 2020,22 Jan 2020,130.14,"1234 Corporate Drive
Boston, MA 02116",343929565643554
emilybell@king.com,HID_006,False,BASIC,15.02,27 Jul 2020,29 Jul 2020,210.08,"0088 Wolf Valleys Suite 126
Mooreborough, WY 34196",378805520600731
pcampbell@jordan.info,HID_006,False,SUITE,14.13,19 Mar 2020,,389.74,"77 Massachusetts Ave
Cambridge, MA 02139",4548931819175
tiffanyramirez@hall.com,HID_006,False,BASIC,17.73,14 May 2020,,191.5,"1234 Corporate Drive
Boston, MA 02116",6011933994513378
ajohnson@jones.com,HID_006,False,BASIC,22.69,24 Apr 2020,25 Apr 2020,244.54,"1234 Corporate Drive
Boston, MA 02116",5319413318144656
kmays@wells.org,HID_006,False,BASIC,33.04,02 May 2020,05 May 2020,187.72,"35211 Mitchell Trail
South Amanda, AZ 79916",30089159250080
kathryn62@ross.org,HID_006,False,BASIC,,27 May 2020,31 May 2020,171.62,"9726 Torres Mountain Suite 355
North Sonyaburgh, ID 12449",340163467668369
vcortez@carter-wood.info,HID_006,False,BASIC,15.0,02 Nov 2020,05 Nov 2020,191.77,"48627 Mathew Stream Apt. 841
East Sarah, ID 02091",3586571384662918
cuevassara@farmer.biz,HID_006,False,DELUXE,24.36,27 May 2020,29 May 2020,273.06,"9283 Michael Forge
South Robin, WA 47085",180004143461501
byrdcraig@nguyen.org,HID_006,False,BASIC,39.17,03 Jan 2021,05 Jan 2021,166.81,"5678 Office Road
San Francisco, CA 94103",213185177069830
robert81@manning.com,HID_006,False,SUITE,18.5,04 Nov 2020,08 Nov 2020,386.31,"1349 Burton Square
Lake Amber, ID 96794",4988102709039
kmonroe@stanley.com,HID_006,False,BASIC,7.89,14 Aug 2020,16 Aug 2020,166.37,"9555 Tina Shoal Apt. 795
Guerrerofurt, SD 45860",180048647843813
joseph19@fisher-garrett.info,HID_006,False,BASIC,14.97,20 Jul 2020,21 Jul 2020,162.35,"46231 Horne Unions Suite 095
West Tommyhaven, WV 74762",38159638079632
montgomerylatoya@cooper-simmons.com,HID_006,False,BASIC,19.42,17 Jan 2020,18 Jan 2020,166.68,"59233 Robin Street
Lake Angelashire, KS 97713",6011085145363326
doylelatasha@cox-ortega.com,HID_006,False,BASIC,13.15,01 Feb 2020,05 Feb 2020,163.73,"59938 Ellen Flat Suite 059
Hernandezstad, CA 74968",30079523019840
jonathan53@glass.org,HID_006,False,DELUXE,12.75,07 May 2020,08 May 2020,284.45,"75034 Alvarez Landing Suite 382
Danielsburgh, IA 87456",4452648548619916
ratkinson@wilson.org,HID_006,False,BASIC,18.2,17 Jan 2020,18 Jan 2020,171.41,"05515 Kimberly Forges
New Matthew, LA 85625",6578503731070993
zortega@phillips.com,HID_006,False,BASIC,46.64,29 Apr 2020,01 May 2020,177.01,"0088 Wolf Valleys Suite 126
Mooreborough, WY 34196",30253405561290
hmurphy@moses.info,HID_006,False,BASIC,1.85,09 May 2020,12 May 2020,231.68,"89687 Donald Manor Suite 546
Kelseyberg, DC 97074",180039090150822
michael73@ramsey.com,HID_006,False,DELUXE,25.17,26 Nov 2020,27 Nov 2020,266.78,"547 Williams Summit Apt. 858
Port Michaeltown, UT 45996",4884479124476697
wrightgrace@salazar-swanson.com,HID_006,False,BASIC,23.19,23 Nov 2020,26 Nov 2020,223.38,"7026 Jones Crossing Suite 584
South Donald, NY 63120",4864633222233545078
mmorgan@stephens-peters.com,HID_006,False,BASIC,9.97,15 Aug 2020,,165.84,"Unit 6007 Box 0225
DPO AE 96727",4327592302006402
smithchelsea@williams.info,HID_006,False,BASIC,20.99,11 Aug 2020,14 Aug 2020,155.86,"62098 Gordon Knoll Apt. 997
Dorseyton, NM 73684",60429619848
millerkimberly@phillips-williams.com,HID_006,False,BASIC,10.22,22 Apr 2020,24 Apr 2020,166.9,"1234 Corporate Drive
Boston, MA 02116",180076703068678
karenfigueroa@butler.info,HID_006,False,BASIC,,24 Apr 2020,25 Apr 2020,172.02,"520 Michelle Landing
North Coreyshire, NJ 14456",4363165996693
waguilar@kim-gallagher.com,HID_006,False,BASIC,18.36,28 Jul 2020,31 Jul 2020,208.41,"87991 Cassandra Bridge
Emilychester, CA 70086",4697825164899
sdavis@thomas-grant.info,HID_006,False,BASIC,11.93,27 Jun 2020,,156.95,"43368 Jonathan Road
Johnburgh, WY 19082",4819633190690835
brookeperkins@blanchard-cunningham.com,HID_006,False,SUITE,28.75,30 Jan 2020,02 Feb 2020,399.96,"253 Crawford Park Apt. 236
North Catherine, VT 73262",6586290858544014
amanda68@brown.org,HID_006,False,BASIC,8.88,09 May 2020,10 May 2020,172.6,"154 Whitney Junction
Laurenfort, IN 02683",4195306209178480
jessicaperry@williams-perkins.com,HID_006,False,BASIC,20.53,30 Dec 2020,01 Jan 2021,153.73,"253 Crawford Park Apt. 236
North Catherine, VT 73262",2655283276080583
michaelsmith@bond.com,HID_006,False,BASIC,3.34,01 May 2020,03 May 2020,156.14,"77 Massachusetts Ave
Cambridge, MA 02139",3585923813191566
ucase@cameron-lynch.com,HID_006,False,BASIC,23.21,07 Aug 2020,09 Aug 2020,186.6,"77 Massachusetts Ave
Cambridge, MA 02139",3557359943244559
kelly23@thompson.com,HID_006,False,BASIC,19.65,28 Jan 2020,30 Jan 2020,190.27,"1349 Burton Square
Lake Amber, ID 96794",3516436785656841
ssnyder@young-craig.com,HID_006,False,BASIC,34.68,21 Oct 2020,25 Oct 2020,209.6,"94844 Kimberly Views
Loriland, AK 27477",370918525581109
michaelchoi@mendoza-copeland.biz,HID_006,False,BASIC,17.58,06 Aug 2020,09 Aug 2020,184.25,"77 Massachusetts Ave
Cambridge, MA 02139",180025941872490
bmitchell@morgan.com,HID_006,False,BASIC,23.9,13 May 2020,17 May 2020,179.82,"982 Cory Alley
Robertmouth, ME 21256",6011846305583411
jeffreyrobinson@silva-lambert.com,HID_006,True,BASIC,0.0,24 Apr 2020,25 Apr 2020,142.71,"5678 Office Road
San Francisco, CA 94103",4948614944987
john36@chavez-marshall.com,HID_006,True,SUITE,0.0,08 Sep 2020,10 Sep 2020,367.3,"77 Massachusetts Ave
Cambridge, MA 02139",6516300857537920
probinson@rivera-berry.com,HID_006,False,DELUXE,24.2,21 Jan 2020,22 Jan 2020,271.14,"62921 Stevens Bypass
Anthonystad, IA 37872",5394957398320675
renee93@anderson.info,HID_006,False,DELUXE,,12 Feb 2020,13 Feb 2020,279.93,"87991 Cassandra Bridge
Emilychester, CA 70086",5324680122279836
deborahryan@mayo.com,HID_006,False,BASIC,27.39,26 Nov 2020,27 Nov 2020,179.53,"77 Massachusetts Ave
Cambridge, MA 02139",30079315538239
griffinmark@morse.org,HID_006,False,BASIC,31.04,26 Mar 2020,29 Mar 2020,154.15,"761 Tyler Cove
West Vanessaview, IA 95707",4746705589573851
dpacheco@garcia-moore.net,HID_006,False,BASIC,32.43,13 Feb 2020,14 Feb 2020,224.51,"2065 Amanda Stravenue
East Jessica, MD 37926",180074779468443
seth39@reese.com,HID_006,True,DELUXE,0.0,26 Jun 2020,28 Jun 2020,219.09,"1234 Corporate Drive
Boston, MA 02116",36088446648787
chubbard@watkins.biz,HID_006,False,BASIC,11.33,26 Feb 2020,,168.69,"5678 Office Road
San Francisco, CA 94103",30540008293218
michaeljohnston@williams.com,HID_006,False,BASIC,23.14,28 Aug 2020,30 Aug 2020,323.59,"5896 Oneill Stravenue
South Jasonville, IL 83560",4178964871699422
barnesricky@schultz.com,HID_006,False,BASIC,25.71,05 Apr 2020,06 Apr 2020,158.76,"Unit 3046 Box 1347
DPO AE 42002",2720986938450777
gscott@rodgers-huerta.net,HID_006,False,BASIC,6.39,27 Mar 2020,28 Mar 2020,161.83,"1071 Michael Parks Apt. 606
New Matthewborough, SC 42339",2720748645547554
smithevan@wells.com,HID_006,False,BASIC,30.01,13 Dec 2020,14 Dec 2020,245.75,"253 Crawford Park Apt. 236
North Catherine, VT 73262",4681119691649401400
michele94@sharp.com,HID_006,False,BASIC,23.26,01 Aug 2020,02 Aug 2020,156.82,"8519 Rebecca Burgs Apt. 948
Coxfort, KY 50766",4518875572509182
greendustin@tucker.org,HID_006,False,BASIC,38.5,12 Jan 2020,14 Jan 2020,163.04,"PSC 2237, Box 8459
APO AA 67210",3569371829221938
lthompson@livingston.com,HID_006,False,BASIC,26.06,05 Aug 2020,06 Aug 2020,183.65,"PSC 2237, Box 8459
APO AA 67210",4842000423675317
yjames@white.biz,HID_006,False,BASIC,30.03,01 Aug 2020,02 Aug 2020,181.67,"8413 Lucas Throughway Apt. 889
Browntown, MI 34236",3503495794471332
amberblack@jones.com,HID_006,False,BASIC,27.07,08 Aug 2020,10 Aug 2020,186.37,"5777 Hughes Key Apt. 923
Whitemouth, UT 58576",578305630027
ehernandez@mckay.info,HID_006,False,BASIC,15.75,27 Feb 2020,,179.09,"9015 Kimberly Run Suite 008
New Richard, NE 38767",2221955971449347
schmidtmark@myers.com,HID_006,False,DELUXE,39.95,16 Sep 2020,18 Sep 2020,339.62,"5678 Office Road
San Francisco, CA 94103",6011764631415648
gloverrobert@schaefer.com,HID_006,False,BASIC,15.81,14 Jun 2020,15 Jun 2020,205.48,"Unit 5745 Box 3915
DPO AA 20875",180081684802319
vincentgriffin@bailey.info,HID_006,False,BASIC,37.25,12 Jul 2020,13 Jul 2020,186.43,"77 Massachusetts Ave
Cambridge, MA 02139",4695605347076836
melaniesimmons@miller.com,HID_006,False,BASIC,18.3,08 Feb 2020,12 Feb 2020,160.15,"167 Edward Trace
Kimberlyhaven, OK 76501",6557168663877388
diana38@miranda.com,HID_006,False,DELUXE,21.32,31 Jul 2020,03 Aug 2020,272.34,"77 Massachusetts Ave
Cambridge, MA 02139",180065730093122
douglas50@stout.com,HID_006,False,BASIC,15.74,16 Mar 2020,17 Mar 2020,152.98,"24486 Flores Burgs
Lake Williamstad, VA 84075",4311187823940144
leerodney@stone.com,HID_006,False,DELUXE,17.57,20 Apr 2020,21 Apr 2020,302.44,"94844 Kimberly Views
Loriland, AK 27477",6503663696559651
hernandezandrew@ward.com,HID_006,False,BASIC,9.44,14 Jan 2020,15 Jan 2020,153.24,"2193 Rose Expressway Apt. 624
Port Jessicaview, CA 15425",3599829310190726
icarlson@marsh.com,HID_006,False,BASIC,21.99,06 Oct 2020,09 Oct 2020,198.38,"212 Joshua Greens Suite 325
Jonport, KY 43030",30189329925833
dennis83@henderson.com,HID_006,False,BASIC,29.69,24 May 2020,28 May 2020,277.28,"8413 Lucas Throughway Apt. 889
Browntown, MI 34236",30466246888199
kimberly04@reese.com,HID_006,False,BASIC,8.17,09 Nov 2020,,156.95,"9726 Torres Mountain Suite 355
North Sonyaburgh, ID 12449",4505207342674553012
ehuber@thompson-valentine.com,HID_006,False,BASIC,30.65,22 Oct 2020,25 Oct 2020,160.13,"Unit 1750 Box 8680
DPO AE 20309",4647128205656130883
sharonbeltran@murphy-rivera.biz,HID_006,False,DELUXE,32.37,16 Aug 2020,19 Aug 2020,274.98,"Unit 8790 Box 1694
DPO AE 27741",3589115598145745
ronald71@marshall.org,HID_006,False,BASIC,12.68,17 Aug 2020,21 Aug 2020,196.08,"61397 Tammy Summit
Ellisside, NM 69750",379779307766537
michael01@harris.biz,HID_006,False,DELUXE,24.4,07 Oct 2020,10 Oct 2020,270.97,"61397 Tammy Summit
Ellisside, NM 69750",3517003424268005
mary53@bryant.org,HID_006,False,BASIC,27.07,22 Jun 2020,24 Jun 2020,167.63,"5678 Office Road
San Francisco, CA 94103",30107192456595
fbrown@gay-jimenez.net,HID_006,False,BASIC,15.63,03 Jul 2020,,161.9,"PSC 6626, Box 2231
APO AE 06142",6500661931684725
johngrant@austin.com,HID_006,False,BASIC,11.6,05 Mar 2020,07 Mar 2020,165.62,"547 Williams Summit Apt. 858
Port Michaeltown, UT 45996",30101002202075
charlene31@weeks.com,HID_006,True,DELUXE,0.0,14 Nov 2020,15 Nov 2020,283.06,"Unit 5745 Box 3915
DPO AA 20875",2431656293526202
patrickmichael@jackson-gardner.com,HID_006,False,BASIC,5.2,20 Jun 2020,21 Jun 2020,157.66,"755 Anna Trail
Jasonmouth, NY 25415",6564395134904316
nmiller@huffman.com,HID_006,False,DELUXE,,15 Feb 2020,17 Feb 2020,284.08,"773 Butler Groves
South Davidchester, TN 65945",6599761593045264
shelly25@lutz.com,HID_006,False,BASIC,,09 Feb 2020,11 Feb 2020,176.35,"77 Massachusetts Ave
Cambridge, MA 02139",4260834509685987
wellsdaniel@boyd.org,HID_006,False,BASIC,9.73,31 Jan 2020,02 Feb 2020,197.4,"0780 Becker Plaza Apt. 577
Port Margaretborough, MO 61930",3582213468982649
linda89@ford-martinez.com,HID_006,False,BASIC,4.29,02 Aug 2020,05 Aug 2020,155.67,"7646 Kennedy Drive
West Julia, MI 16963",213193702762234
ashley92@white-davidson.org,HID_006,False,BASIC,12.01,05 Sep 2020,,211.24,"77 Massachusetts Ave
Cambridge, MA 02139",30373144763880
john24@mills-smith.com,HID_006,False,BASIC,1.75,12 May 2020,15 May 2020,181.02,"5896 Oneill Stravenue
South Jasonville, IL 83560",6524864381840811
rthomas@cook.com,HID_006,True,DELUXE,0.0,02 Nov 2020,04 Nov 2020,258.15,"Unit 0705 Box 5628
DPO AA 82433",5121806832184389
martinezalejandra@ayers.com,HID_006,False,SUITE,15.13,30 May 2020,05 Jun 2020,396.58,"PSC 0894, Box 6576
APO AE 77856",4232151132441
zcompton@wiggins.info,HID_006,False,SUITE,23.75,24 May 2020,26 May 2020,378.9,"34278 Hale Ranch
New Brian, MN 80986",38541152573977
goodwinkatherine@jacobs.com,HID_006,False,BASIC,23.85,07 Nov 2020,10 Nov 2020,160.51,"PSC 0894, Box 6576
APO AE 77856",579561266308
xmoran@petty.com,HID_006,False,DELUXE,23.54,10 Jul 2020,11 Jul 2020,308.0,"35211 Mitchell Trail
South Amanda, AZ 79916",2720600712192204
tonya66@blake.net,HID_006,False,DELUXE,18.11,25 Mar 2020,27 Mar 2020,283.34,"77 Massachusetts Ave
Cambridge, MA 02139",4357016243933899
robin15@higgins.com,HID_006,False,BASIC,27.0,26 Dec 2020,28 Dec 2020,169.13,"116 Smith Skyway
East David, TN 79907",4164342527559344592
brittany05@davis.org,HID_006,False,BASIC,6.74,19 Nov 2020,20 Nov 2020,270.49,"Unit 0937 Box 0232
DPO AE 27582",4629447144762735
kingtabitha@brown.biz,HID_006,True,SUITE,0.0,11 Jan 2020,14 Jan 2020,481.61,"1234 Corporate Drive
Boston, MA 02116",676394720574
greenshelly@barr-hill.com,HID_006,False,BASIC,29.37,10 Mar 2020,11 Mar 2020,169.35,"5678 Office Road
San Francisco, CA 94103",30436677212490
pittsdavid@ho.info,HID_006,False,BASIC,1.95,10 Apr 2020,12 Apr 2020,288.78,"383 Brian Springs
North Debra, DC 09410",4878213871945
zsimmons@smith.com,HID_006,True,DELUXE,0.0,20 Jun 2020,24 Jun 2020,212.74,"547 Williams Summit Apt. 858
Port Michaeltown, UT 45996",630432427395
cknox@estrada.net,HID_006,False,BASIC,24.3,29 Oct 2020,31 Oct 2020,152.59,"9015 Kimberly Run Suite 008
New Richard, NE 38767",180070686893277
catherine52@brown.com,HID_006,False,BASIC,18.79,15 Jan 2020,16 Jan 2020,197.8,"5678 Office Road
San Francisco, CA 94103",6589093059691262
pachecojames@walter-thomas.info,HID_006,False,SUITE,9.67,15 Apr 2020,18 Apr 2020,390.46,"87991 Cassandra Bridge
Emilychester, CA 70086",213134615000379
imoore@white.com,HID_006,False,DELUXE,8.15,16 May 2020,18 May 2020,298.34,"73951 Julie Summit
Doylechester, LA 15135",4197797876450269
timothysmith@snyder.com,HID_006,False,BASIC,9.69,12 Nov 2020,13 Nov 2020,183.67,"1071 Michael Parks Apt. 606
New Matthewborough, SC 42339",3500190851837979
jonessean@ponce.com,HID_006,False,BASIC,12.63,28 Jul 2020,31 Jul 2020,168.37,"59233 Robin Street
Lake Angelashire, KS 97713",3568373133568484
jonespreston@davis.com,HID_006,False,BASIC,28.58,22 May 2020,24 May 2020,189.73,"4901 Jones Vista
West Ericbury, AR 62436",180089722371619
dgarrett@young-morris.com,HID_006,False,BASIC,38.98,13 Jul 2020,17 Jul 2020,173.35,"1234 Corporate Drive
Boston, MA 02116",4617980753984645643
moodykelly@burton.com,HID_006,False,BASIC,25.25,23 Apr 2020,26 Apr 2020,154.34,"1234 Corporate Drive
Boston, MA 02116",2403871904379420
sjones@white.net,HID_006,False,BASIC,15.25,23 Oct 2020,26 Oct 2020,175.0,"Unit 6007 Box 0225
DPO AE 96727",3507440424313609
brendaprice@allen.org,HID_006,False,DELUXE,19.94,14 Mar 2020,,286.68,"94089 Jasmine Fork Suite 386
North Heather, WV 10665",213193675639724
georgegates@burgess.com,HID_006,False,BASIC,33.08,31 Jul 2020,01 Aug 2020,275.56,"5678 Office Road
San Francisco, CA 94103",2276147111098853
lrodriguez@quinn.org,HID_006,False,BASIC,13.48,03 Jan 2021,05 Jan 2021,156.5,"1234 Corporate Drive
Boston, MA 02116",639032366531
zachary35@rodriguez.biz,HID_006,True,DELUXE,0.0,18 Aug 2020,21 Aug 2020,230.43,"69699 Stephanie Shoals
Lake Kathrynport, NM 70919",5249822622815410
kristina96@cox.com,HID_006,False,BASIC,,27 Oct 2020,30 Oct 2020,163.14,"1234 Corporate Drive
Boston, MA 02116",4738263763709
scottdennis@castro.info,HID_006,False,BASIC,16.41,02 Nov 2020,,167.59,"PSC 2237, Box 8459
APO AA 67210",180049726095663
rwoodard@blanchard.biz,HID_006,False,BASIC,8.96,14 Apr 2020,15 Apr 2020,255.55,"5678 Office Road
San Francisco, CA 94103",6011759803740443
monique76@torres.com,HID_006,False,DELUXE,14.36,18 Dec 2020,20 Dec 2020,291.83,"75034 Alvarez Landing Suite 382
Danielsburgh, IA 87456",3559132025425711
egalloway@yoder.org,HID_006,False,BASIC,26.93,09 Apr 2020,11 Apr 2020,162.62,"2261 Barnes Falls
East Melissa, VT 72700",4618377882882923353
twhite@nichols.com,HID_006,False,BASIC,36.25,25 Jun 2020,27 Jun 2020,173.43,"77 Massachusetts Ave
Cambridge, MA 02139",4546089247470780
rcolon@rivera.org,HID_006,False,DELUXE,5.14,11 Sep 2020,15 Sep 2020,305.71,"5290 Wendy Overpass Suite 639
East Susanfort, WA 09993",3583660165988619
wjames@howard.com,HID_006,False,BASIC,9.23,23 Jan 2020,24 Jan 2020,157.43,"59233 Robin Street
Lake Angelashire, KS 97713",4442108885948
luismack@bates.com,HID_006,False,BASIC,,19 Nov 2020,20 Nov 2020,165.42,"1234 Corporate Drive
Boston, MA 02116",3584280235624612
qreed@guzman.com,HID_006,False,BASIC,22.11,26 Dec 2020,27 Dec 2020,243.9,"77 Massachusetts Ave
Cambridge, MA 02139",349360487109975
meyersjacob@briggs-ramos.com,HID_006,False,BASIC,26.2,13 Dec 2020,15 Dec 2020,197.28,"77 Massachusetts Ave
Cambridge, MA 02139",4478079792469551388
ylittle@meyer.com,HID_007,False,BASIC,33.32,07 Mar 2020,09 Mar 2020,87.23,"2139 Mcintosh Meadows
Lake Jessicaside, MI 24844",30251635875738
elizabeth82@miller.net,HID_007,False,BASIC,27.15,24 Jun 2020,27 Jun 2020,65.16,"5678 Office Road
San Francisco, CA 94103",340782170487823
aaronlambert@jennings.com,HID_007,False,BASIC,26.21,07 Jun 2020,08 Jun 2020,80.6,"12106 Simmons Mills Suite 696
Lake Brenda, SC 46168",2715507600900340
jonathan74@chandler-hicks.com,HID_007,False,BASIC,,08 Jan 2020,09 Jan 2020,58.67,"77329 Salinas Trace
North Russellburgh, WY 55766",340743891315040
julie85@cantrell-vargas.com,HID_007,False,BASIC,,20 Dec 2020,21 Dec 2020,97.65,"77329 Salinas Trace
North Russellburgh, WY 55766",4361704518711124380
thompsonlisa@bautista.org,HID_007,True,BASIC,0.0,29 Sep 2020,01 Oct 2020,48.33,"1510 Tanner Oval Suite 660
West Vickiville, AL 90339",4098613527476027
robert16@davis-yu.info,HID_007,False,BASIC,21.09,02 Dec 2020,04 Dec 2020,75.19,"032 Jacob Harbor
Port John, SD 06474",4928359245956
davidlee@ramirez.com,HID_007,False,BASIC,24.33,05 Mar 2020,06 Mar 2020,72.81,"2139 Mcintosh Meadows
Lake Jessicaside, MI 24844",4929467650772511
clarkcharles@johnson-brooks.org,HID_007,False,BASIC,32.03,10 Jan 2020,11 Jan 2020,63.96,"032 Jacob Harbor
Port John, SD 06474",583114352136
davidvaughn@barr.com,HID_007,False,BASIC,22.29,29 Apr 2020,01 May 2020,409.89,"8350 Mays Alley Apt. 481
East Brianbury, MT 63166",180027949286582
pauljimenez@miller.com,HID_007,False,BASIC,24.45,13 Oct 2020,15 Oct 2020,66.05,"77 Massachusetts Ave
Cambridge, MA 02139",343973792649471
lisa02@smith.com,HID_007,False,DELUXE,34.85,09 May 2020,10 May 2020,128.47,"5678 Office Road
San Francisco, CA 94103",3575645211535597
yscott@strong-stephenson.com,HID_007,False,SUITE,9.2,13 Feb 2020,14 Feb 2020,197.6,"77 Massachusetts Ave
Cambridge, MA 02139",4350773184335560
jakehurst@dickerson.org,HID_007,False,BASIC,22.66,24 Sep 2020,25 Sep 2020,60.96,"85372 Richard Shoals
East Sheila, MD 91236",3550356116094693
lramsey@lopez.biz,HID_007,False,BASIC,43.85,24 Jan 2020,27 Jan 2020,131.89,"558 Roberson Manor
Lake Kaitlyn, MA 18590",6506595067401088
johnsondeborah@frey.com,HID_007,False,BASIC,20.99,03 Jun 2020,05 Jun 2020,72.78,"28179 Cheyenne Glens Suite 150
Mendozahaven, NC 24485",4983042816945
bbranch@hernandez-murphy.info,HID_007,False,DELUXE,33.98,26 Sep 2020,29 Sep 2020,151.54,"5678 Office Road
San Francisco, CA 94103",346624372229328
vgray@walker.com,HID_007,False,BASIC,17.33,28 Jul 2020,30 Jul 2020,63.05,"558 Roberson Manor
Lake Kaitlyn, MA 18590",36654887223701
robinsonelizabeth@grant-davis.com,HID_007,False,BASIC,14.51,03 Jan 2021,04 Jan 2021,62.17,"77 Massachusetts Ave
Cambridge, MA 02139",3506969515451846
stephanieday@ewing.com,HID_007,False,BASIC,21.33,03 Apr 2020,05 Apr 2020,122.34,"558 Roberson Manor
Lake Kaitlyn, MA 18590",36560344911871
caseylewis@smith-mccarthy.info,HID_008,True,SUITE,0.0,02 Mar 2020,03 Mar 2020,145.85,"528 Barber Course Suite 866
East Pam, ID 45593",36251317190236
bhahn@jackson-gibson.com,HID_008,False,BASIC,37.49,10 Apr 2020,14 Apr 2020,110.68,"26667 Charles Circle
Brownton, DC 43825",6011108919825815
ballardcory@davis-mitchell.com,HID_008,False,BASIC,17.14,11 Jan 2020,14 Jan 2020,87.21,"USCGC Jones
FPO AA 03475",4086246229839862053
tyler03@pope-walters.com,HID_008,False,BASIC,19.92,01 Dec 2020,,99.56,"77 Massachusetts Ave
Cambridge, MA 02139",213182428361819
lopezjulie@perez-baker.com,HID_008,False,BASIC,16.8,23 Dec 2020,25 Dec 2020,145.1,"4548 Ashley Ways Apt. 460
South Josephmouth, OK 81113",213108229264704
cynthianguyen@gomez.com,HID_008,False,BASIC,14.63,18 Apr 2020,20 Apr 2020,102.2,"9152 Angela Knolls
New Kayla, TN 23418",60432358350
kathrynpeterson@lewis.net,HID_008,False,BASIC,23.15,21 Dec 2020,25 Dec 2020,145.49,"528 Barber Course Suite 866
East Pam, ID 45593",4572582434417997328
timothy87@morrow.biz,HID_008,False,BASIC,,04 Jan 2020,06 Jan 2020,115.52,"Unit 1204 Box 2868
DPO AP 84572",3593527057707464
stevewaller@allen.biz,HID_008,False,BASIC,9.34,26 Jul 2020,,156.12,"4085 Tina Walk
Lake Maryshire, VA 26134",3568467103790001
lnelson@craig-jones.info,HID_008,False,BASIC,11.14,13 Oct 2020,16 Oct 2020,75.06,"5678 Office Road
San Francisco, CA 94103",180090953686972
jacquelinecooley@moreno.org,HID_008,False,BASIC,15.24,11 Oct 2020,13 Oct 2020,77.12,"Unit 8144 Box 8694
DPO AA 08286",5412366075867818
blackalice@griffin.org,HID_008,False,SUITE,6.94,22 Feb 2020,23 Feb 2020,175.69,"5248 Martinez Crossroad
West William, AR 08576",30244055022212
pdavis@hernandez-bailey.com,HID_008,False,BASIC,,28 Apr 2020,30 Apr 2020,103.26,"4085 Tina Walk
Lake Maryshire, VA 26134",4120308357278
matthewjohnson@miller.com,HID_008,True,DELUXE,0.0,28 Jun 2020,02 Jul 2020,110.95,"77 Massachusetts Ave
Cambridge, MA 02139",2720968868818033
leonardamy@martinez.com,HID_008,False,DELUXE,,21 Apr 2020,23 Apr 2020,169.09,"Unit 4789 Box 1152
DPO AA 98024",6550837237146911
turnerrebecca@roberts.biz,HID_008,False,BASIC,35.75,19 Sep 2020,23 Sep 2020,95.59,"5678 Office Road
San Francisco, CA 94103",343049348547871
rosariomelissa@grimes.net,HID_008,False,BASIC,30.96,10 May 2020,11 May 2020,90.81,"076 Lisa Road Apt. 083
New Michael, AR 75951",4385968170375922
kellymccarthy@lynch.net,HID_008,False,BASIC,16.9,24 Aug 2020,28 Aug 2020,240.5,"2418 Robert Grove
Nashtown, TN 60312",6011158853722585
david91@kline-mccarthy.com,HID_008,False,DELUXE,26.3,16 Oct 2020,,155.83,"458 Walker Island Apt. 002
Antoniotown, OK 66935",348866543126648
nicolemclaughlin@lee.com,HID_008,False,BASIC,20.73,01 Jun 2020,02 Jun 2020,87.55,"6834 Mejia Canyon
Christopherhaven, NJ 75124",180088101561170
rkaufman@figueroa.com,HID_008,False,BASIC,,03 Jun 2020,04 Jun 2020,75.51,"USCGC Jones
FPO AA 03475",4538230276046667
rscott@owen.com,HID_008,False,BASIC,13.57,11 Mar 2020,14 Mar 2020,134.07,"1234 Corporate Drive
Boston, MA 02116",30188079660046
nguyenlarry@brown.com,HID_008,False,BASIC,,06 Jun 2020,10 Jun 2020,120.08,"4548 Ashley Ways Apt. 460
South Josephmouth, OK 81113",4069772978416117
jamierollins@olson-davis.biz,HID_008,False,BASIC,15.14,22 Jun 2020,24 Jun 2020,74.77,"9812 Samuel Village Apt. 773
New Alexandrafurt, VT 29699",4219813598316913179
perezandrew@alexander.com,HID_008,False,BASIC,20.89,22 Jun 2020,24 Jun 2020,85.37,"Unit 4789 Box 1152
DPO AA 98024",6011606006121642
whitestacie@cook.com,HID_008,False,BASIC,20.64,05 Feb 2020,06 Feb 2020,93.48,"5678 Office Road
San Francisco, CA 94103",3573791604000856
richardslinda@young.com,HID_008,False,BASIC,4.53,25 Aug 2020,26 Aug 2020,71.9,"79546 Hale Mall Apt. 924
Reginaldfort, TN 73349",376494779066688
greentracy@chandler.com,HID_008,False,BASIC,32.96,23 Apr 2020,24 Apr 2020,83.21,"09380 Sparks Trail
North Sarah, NM 40816",6513986486856435
gaguirre@morgan.com,HID_008,False,BASIC,,24 Jan 2020,27 Jan 2020,149.39,"1234 Corporate Drive
Boston, MA 02116",588322091855
markmunoz@smith-carson.com,HID_008,False,BASIC,20.92,04 Jun 2020,08 Jun 2020,71.99,"Unit 1204 Box 2868
DPO AP 84572",30438948457581
ihuang@ford.net,HID_008,False,DELUXE,30.68,05 Aug 2020,,151.81,"Unit 7636 Box 4664
DPO AP 75941",2232471653354208
paulwilliams@brown.org,HID_008,False,BASIC,9.38,14 Feb 2020,17 Feb 2020,201.32,"77 Massachusetts Ave
Cambridge, MA 02139",4599563727722940
mejiajoan@morris-ford.net,HID_008,False,DELUXE,3.16,29 Aug 2020,30 Aug 2020,129.79,"458 Walker Island Apt. 002
Antoniotown, OK 66935",3567015665335672
kendrapham@sanders-baldwin.com,HID_008,False,BASIC,8.14,08 Jul 2020,10 Jul 2020,80.76,"77 Massachusetts Ave
Cambridge, MA 02139",4319655531861
tricia18@frey.info,HID_008,False,BASIC,30.88,30 Nov 2020,01 Dec 2020,92.96,"8808 Ramos Brook Apt. 927
Lake Beth, AK 13760",6011233531464361
melissa94@melton.com,HID_008,False,BASIC,25.34,13 Aug 2020,19 Aug 2020,101.59,"458 Walker Island Apt. 002
Antoniotown, OK 66935",3539463645552062
charlescruz@larsen-vaughn.com,HID_008,False,BASIC,32.09,02 Jul 2020,04 Jul 2020,97.88,"468 Allison Prairie Suite 015
North Jacobstad, SC 68185",213153915182364
christopherdawson@martin.com,HID_008,False,DELUXE,11.57,23 Mar 2020,24 Mar 2020,123.42,"440 Wallace Extension
Michelleborough, ME 99551",4595063289461
robert56@martinez.biz,HID_008,False,BASIC,4.23,31 Jan 2020,01 Feb 2020,77.36,"022 Haney Curve
Contrerasland, DE 01708",3566814281014088
kayla67@diaz.com,HID_008,False,BASIC,,15 Jan 2020,16 Jan 2020,90.23,"1234 Corporate Drive
Boston, MA 02116",4948179854955342937
kbishop@reyes.com,HID_008,False,BASIC,41.57,29 Aug 2020,31 Aug 2020,82.63,"92759 Jamie Corner
Billyberg, DC 07670",36261104034067
xhammond@sutton.info,HID_008,False,DELUXE,11.71,17 Dec 2020,18 Dec 2020,181.7,"4920 Acosta Way Apt. 405
East Lauriehaven, NH 27550",4105901546467536
jacobbeck@brewer.com,HID_008,False,BASIC,9.2,10 Sep 2020,15 Sep 2020,82.55,"92759 Jamie Corner
Billyberg, DC 07670",4641084769347940
hayesstephanie@frank-bush.org,HID_008,False,DELUXE,15.68,19 Aug 2020,20 Aug 2020,132.87,"77 Massachusetts Ave
Cambridge, MA 02139",5393887127441735
reyesandrew@williams.com,HID_008,False,BASIC,25.94,30 Apr 2020,01 May 2020,195.69,"Unit 1204 Box 2868
DPO AP 84572",3545871732932389
morganbrandy@guerrero-ayers.com,HID_008,False,BASIC,23.71,23 Dec 2020,25 Dec 2020,86.51,"440 Wallace Extension
Michelleborough, ME 99551",6011153382835651
christopherroberts@griffin-solomon.com,HID_008,False,BASIC,25.95,22 Dec 2020,23 Dec 2020,75.54,"5678 Office Road
San Francisco, CA 94103",4361897539792375003
dukedarlene@young.com,HID_008,False,DELUXE,13.17,12 Sep 2020,13 Sep 2020,139.04,"Unit 4852 Box 1205
DPO AE 22435",3553543637844279
kristy30@johnston.net,HID_008,False,BASIC,26.87,04 Dec 2020,07 Dec 2020,83.92,"8808 Ramos Brook Apt. 927
Lake Beth, AK 13760",4270193955036026364
rhondascott@stewart.com,HID_008,True,BASIC,0.0,06 Jan 2020,07 Jan 2020,95.29,"482 Fields Path
New Michaelhaven, DC 49419",4098785588864
jasonwhite@duncan.biz,HID_008,False,BASIC,1.77,25 May 2020,27 May 2020,99.6,"1234 Corporate Drive
Boston, MA 02116",2281734704281658
wwoods@peterson.com,HID_008,False,BASIC,9.38,17 Aug 2020,20 Aug 2020,82.4,"5678 Office Road
San Francisco, CA 94103",2389115317533407
justin40@baldwin.com,HID_008,False,DELUXE,13.16,26 Apr 2020,28 Apr 2020,132.67,"1234 Corporate Drive
Boston, MA 02116",4598020984497618
schultzalicia@robbins-mahoney.org,HID_008,True,BASIC,0.0,29 Oct 2020,31 Oct 2020,66.22,"5678 Office Road
San Francisco, CA 94103",180037700575073
vthompson@burch-craig.com,HID_008,True,BASIC,0.0,15 Mar 2020,18 Mar 2020,131.9,"440 Wallace Extension
Michelleborough, ME 99551",377096006813797
lisa97@jimenez-krause.info,HID_008,False,DELUXE,11.37,22 May 2020,26 May 2020,269.69,"5678 Office Road
San Francisco, CA 94103",6011721736808077
mary17@wood-pena.org,HID_008,False,SUITE,,26 Nov 2020,28 Nov 2020,188.96,"1234 Corporate Drive
Boston, MA 02116",30169333587993
kristinclark@gregory.info,HID_008,False,BASIC,32.91,07 Jun 2020,10 Jun 2020,103.33,"23773 Anthony Heights Suite 749
East Francesshire, HI 85708",4299164683605436
navarromartha@myers.info,HID_009,False,BASIC,24.73,17 Oct 2020,19 Oct 2020,196.76,"98442 Mueller Lakes Suite 581
East Elijah, PA 19807",2259603866197135
kespinoza@murphy.com,HID_009,True,BASIC,0.0,06 Nov 2020,08 Nov 2020,103.34,"1234 Corporate Drive
Boston, MA 02116",3561223995898379
websterjohn@hernandez.biz,HID_009,False,BASIC,13.19,28 Dec 2020,31 Dec 2020,125.9,"77 Massachusetts Ave
Cambridge, MA 02139",3591296555826661
connor62@torres-sosa.com,HID_009,False,BASIC,27.53,18 Aug 2020,22 Aug 2020,120.68,"68488 Zimmerman Squares
East Angela, NY 98873",6011192213328221
youngwendy@ruiz-peterson.com,HID_009,False,BASIC,4.65,30 Aug 2020,02 Sep 2020,104.71,"5678 Office Road
San Francisco, CA 94103",3575512731073097
michaelphelps@frazier.org,HID_009,False,BASIC,20.05,15 Jan 2020,17 Jan 2020,125.21,"3822 Castillo Road Apt. 802
Port Ashley, IA 37785",3508766790037052
ruizmichael@parker.info,HID_009,False,BASIC,18.8,27 Jan 2020,28 Jan 2020,106.48,"17647 Kelly Gateway Suite 816
New Benjaminbury, SC 58978",4830959322964845379
tparrish@guerra-robinson.org,HID_009,False,BASIC,14.02,22 May 2020,24 May 2020,126.81,"17647 Kelly Gateway Suite 816
New Benjaminbury, SC 58978",374728493957124
jennifer82@brennan.net,HID_009,False,DELUXE,,07 Apr 2020,09 Apr 2020,189.99,"1234 Corporate Drive
Boston, MA 02116",4349240351961911
steven36@thompson.biz,HID_009,True,SUITE,0.0,06 Jan 2020,08 Jan 2020,263.41,"5678 Office Road
San Francisco, CA 94103",378456281530137
hcampbell@lucas-campbell.info,HID_009,False,BASIC,30.96,20 Dec 2020,24 Dec 2020,118.67,"Unit 8194 Box 8413
DPO AA 48502",4022723066817
awise@hernandez.info,HID_009,False,BASIC,7.85,03 May 2020,04 May 2020,122.38,"5678 Office Road
San Francisco, CA 94103",3541890243562497
xwilliams@mosley.info,HID_009,True,SUITE,0.0,13 Jan 2020,16 Jan 2020,210.85,"4714 Kelly Tunnel Suite 364
Richardburgh, CO 13141",3565063723613872
zjohnson@king.net,HID_009,False,DELUXE,30.13,26 Aug 2020,28 Aug 2020,216.68,"8677 Ramsey Cliffs Apt. 397
North Johnshire, NV 06340",6011519211143766
thomas98@butler-sims.biz,HID_009,False,BASIC,10.86,08 Jan 2020,09 Jan 2020,118.77,"2585 Bobby Route Apt. 903
Johnsonview, NH 32528",4693933269119018
lisa18@petersen.com,HID_009,False,BASIC,25.02,30 Oct 2020,01 Nov 2020,139.35,"5678 Office Road
San Francisco, CA 94103",4077544861349802233
xcollins@martinez-ochoa.com,HID_009,False,BASIC,21.39,03 Sep 2020,05 Sep 2020,147.19,"1234 Corporate Drive
Boston, MA 02116",3555878250396118
gordonjeffrey@whitaker.org,HID_009,False,BASIC,8.46,02 Jul 2020,04 Jul 2020,145.73,"77 Massachusetts Ave
Cambridge, MA 02139",30429566027459
sierra65@green-ibarra.com,HID_009,False,BASIC,19.14,03 Jan 2020,06 Jan 2020,117.84,"77 Massachusetts Ave
Cambridge, MA 02139",3515397970022705
ybaldwin@walker-evans.biz,HID_009,False,BASIC,24.94,23 Sep 2020,27 Sep 2020,105.03,"5678 Office Road
San Francisco, CA 94103",2300714246485873
aaronadams@williams.info,HID_009,False,BASIC,,16 Apr 2020,18 Apr 2020,108.22,"601 Peter Path Apt. 208
Port Stephanieville, HI 05267",36802902671020
gregory82@barnett-mullins.info,HID_009,False,DELUXE,22.15,08 Dec 2020,10 Dec 2020,224.85,"9772 Fisher Point
East David, SC 65976",4154155039381255811
johnnyharris@stein-young.info,HID_009,False,BASIC,,20 Jun 2020,22 Jun 2020,157.11,"245 Anne Grove
Beardhaven, MD 16010",4972382611890935073
marcusjordan@martinez.org,HID_009,False,BASIC,,23 May 2020,26 May 2020,175.19,"84347 Galvan Land
Rebeccaland, WA 36931",3594339545984658
codypowell@hernandez.biz,HID_009,False,BASIC,12.86,14 Oct 2020,16 Oct 2020,113.6,"Unit 2935 Box 1243
DPO AA 11853",30094820596077
daniel83@miller-martin.com,HID_009,False,BASIC,14.28,14 Sep 2020,16 Sep 2020,109.53,"45547 Tracy Route
Washingtonport, MO 29705",4489634083829
gcollins@thomas.com,HID_009,False,BASIC,18.94,23 Feb 2020,24 Feb 2020,152.13,"1234 Corporate Drive
Boston, MA 02116",4238070464639516
shannon54@mason-carter.com,HID_009,False,BASIC,16.62,03 Apr 2020,04 Apr 2020,150.09,"183 Johnson Fords Suite 937
Ellenland, NV 70703",4315540320977694
jennalogan@rodriguez-johnson.com,HID_009,False,BASIC,14.15,13 Dec 2020,14 Dec 2020,122.53,"1234 Corporate Drive
Boston, MA 02116",6576615883944734
bgiles@stephenson.com,HID_009,False,BASIC,25.35,01 Apr 2020,02 Apr 2020,122.0,"USNS Miller
FPO AA 77553",503829339806
erikasmith@smith.net,HID_009,False,BASIC,35.43,27 Jul 2020,29 Jul 2020,107.21,"5678 Office Road
San Francisco, CA 94103",2361302301141627
aguilarsharon@faulkner.com,HID_009,False,DELUXE,35.79,09 Nov 2020,12 Nov 2020,194.81,"USNS Miller
FPO AA 77553",2297190673593759
nbaldwin@rodriguez.info,HID_009,False,BASIC,17.95,25 Feb 2020,27 Feb 2020,177.68,"500 Eric Station
Conradport, ME 60146",4859818522004640652
wdavis@hunter.com,HID_009,False,BASIC,,05 Jul 2020,07 Jul 2020,110.03,"PSC 1170, Box 6183
APO AP 38609",4132597060998547
melinda94@wilson-washington.com,HID_009,True,DELUXE,0.0,05 Jan 2021,07 Jan 2021,155.35,"3921 Gary Key
New Anthony, CA 67385",6011953891800504
yanglaura@perkins-blackburn.info,HID_009,False,DELUXE,15.88,06 Jul 2020,07 Jul 2020,195.8,"0228 Johnson Gardens Suite 916
Erinhaven, MS 13036",4911069498064192766
odonnellgina@henderson.com,HID_009,False,SUITE,20.84,06 Dec 2020,08 Dec 2020,269.51,"4753 Linda Rapid
Singletonland, OH 29584",349910117192203
kfreeman@howard.org,HID_009,False,BASIC,39.34,30 Mar 2020,31 Mar 2020,105.3,"943 White Path
Hermanbury, NY 25331",4656880532774092
christinesuarez@gonzalez.com,HID_009,True,BASIC,0.0,22 Feb 2020,24 Feb 2020,93.78,"90217 Dorsey Field
Jameschester, MA 53191",2288483726435925
kellyvillegas@welch-graham.com,HID_009,False,BASIC,13.81,11 Aug 2020,14 Aug 2020,113.42,"797 Caldwell Summit
East Andrewside, SD 87815",3580383833631528
whitemary@herman-johnson.biz,HID_009,False,BASIC,8.23,23 Dec 2020,24 Dec 2020,116.67,"77 Massachusetts Ave
Cambridge, MA 02139",4580925663046165
loweryamber@torres-patel.info,HID_009,False,BASIC,8.43,21 Feb 2020,22 Feb 2020,115.51,"77 Massachusetts Ave
Cambridge, MA 02139",213159257051596
justinsmith@peterson.org,HID_009,False,BASIC,25.91,17 Mar 2020,18 Mar 2020,122.21,"77 Massachusetts Ave
Cambridge, MA 02139",4684343629064576
david52@chen.com,HID_009,False,BASIC,18.75,13 Jun 2020,17 Jun 2020,109.41,"225 Rogers Ville Apt. 035
East Andreabury, GA 92849",213199433032169
angelabenitez@nolan-ochoa.net,HID_009,False,BASIC,7.46,26 Dec 2020,28 Dec 2020,210.97,"77 Massachusetts Ave
Cambridge, MA 02139",376542057542406
julie39@irwin.com,HID_009,False,BASIC,35.62,12 Nov 2020,14 Nov 2020,116.64,"755 Bradley Prairie
West Savannahchester, MI 18991",4579664633709544849
jonessandra@collins.com,HID_009,False,BASIC,,12 Feb 2020,13 Feb 2020,188.93,"1234 Corporate Drive
Boston, MA 02116",349328670933188
eric67@krueger.com,HID_009,False,DELUXE,28.67,26 Dec 2020,28 Dec 2020,265.3,"77 Massachusetts Ave
Cambridge, MA 02139",566938789427
ualvarez@patton.com,HID_009,False,BASIC,14.69,02 Feb 2020,03 Feb 2020,124.85,"0228 Johnson Gardens Suite 916
Erinhaven, MS 13036",4446552663248924
danielcampbell@wright.org,HID_009,False,BASIC,7.45,01 Sep 2020,04 Sep 2020,108.18,"53860 Ayers Courts
Alyssaview, DE 30867",30012542282933
znorman@roberts.net,HID_009,False,BASIC,16.36,20 Sep 2020,23 Sep 2020,104.3,"666 Austin Trail
New Judyhaven, NH 73795",503812436478
dvelasquez@scott.info,HID_009,True,BASIC,0.0,15 Apr 2020,17 Apr 2020,85.98,"54338 Cummings Square Apt. 580
New Chad, MO 34761",4595314983651496
christopher97@allison.com,HID_009,False,BASIC,6.6,11 Nov 2020,12 Nov 2020,116.99,"1234 Corporate Drive
Boston, MA 02116",4430022424126
bpalmer@hughes-espinoza.com,HID_009,False,BASIC,31.3,14 Sep 2020,15 Sep 2020,125.58,"23721 Welch Prairie
Port Heidi, TX 75866",4305502010638103
anthony00@watson-koch.net,HID_009,False,BASIC,13.26,17 Mar 2020,21 Mar 2020,111.18,"550 Joseph Squares Apt. 536
Port Jeffrey, NM 54717",30084233606902
zlindsey@knox.info,HID_009,False,BASIC,33.41,07 Oct 2020,12 Oct 2020,113.97,"88742 Ryan Avenue Suite 282
Lake Matthew, ND 89461",3597019404711692
loganvincent@estrada.com,HID_009,False,BASIC,15.45,18 Feb 2020,20 Feb 2020,399.84,"8454 Henry Divide Suite 312
Willisborough, SC 89947",36987793805595
matthew15@phelps.com,HID_009,False,BASIC,4.44,14 Apr 2020,15 Apr 2020,128.45,"53860 Ayers Courts
Alyssaview, DE 30867",3551209230933925
colleen20@farrell.biz,HID_009,False,BASIC,27.78,07 Apr 2020,09 Apr 2020,107.98,"5678 Office Road
San Francisco, CA 94103",370262671281473
ggonzales@frazier.biz,HID_009,False,BASIC,18.07,10 Oct 2020,12 Oct 2020,138.13,"77 Massachusetts Ave
Cambridge, MA 02139",4274837975717618051
trevinoashley@mccall.com,HID_009,False,BASIC,14.23,19 Aug 2020,21 Aug 2020,109.52,"9772 Fisher Point
East David, SC 65976",3532642262652266
luislee@ramirez.org,HID_009,False,DELUXE,12.24,21 Jul 2020,23 Jul 2020,180.25,"77 Massachusetts Ave
Cambridge, MA 02139",349777937206715
christopherthomas@higgins.com,HID_009,False,BASIC,21.82,10 Jan 2020,13 Jan 2020,125.01,"76847 Michael Key
Angelaport, OR 57679",3552651226600944
rodriguezjoshua@rogers.com,HID_009,False,BASIC,14.86,31 Oct 2020,02 Nov 2020,110.96,"0156 Holloway Lane
Lake Patricia, KS 38656",4514199150737
kristymorrison@zuniga-berry.com,HID_009,True,SUITE,0.0,09 Mar 2020,12 Mar 2020,224.49,"4665 John Skyway Suite 407
Vincentville, NY 89368",4943816753294256
kelliecooper@jordan.net,HID_009,False,BASIC,10.73,30 Jul 2020,31 Jul 2020,218.73,"23721 Welch Prairie
Port Heidi, TX 75866",4511260665908624
zglass@wolf.biz,HID_009,True,DELUXE,0.0,25 Feb 2020,27 Feb 2020,163.98,"902 Meredith Freeway Suite 443
North Robert, ID 21853",4931847224015529
caseydavis@heath.biz,HID_009,False,DELUXE,30.55,30 Jul 2020,03 Aug 2020,186.67,"276 Gina Island
Juliaburgh, NJ 66322",630499518516
qpeters@edwards.com,HID_009,False,BASIC,33.66,22 Dec 2020,24 Dec 2020,200.34,"8413 Smith Trail
South Christianstad, AR 59191",180078359787692
robert94@bell.biz,HID_009,False,SUITE,32.32,22 May 2020,25 May 2020,257.28,"49463 Wheeler Mountain Suite 981
Velazquezburgh, CA 04153",3565532895217464
hannahgordon@becker.info,HID_009,True,BASIC,0.0,30 Jan 2020,04 Feb 2020,87.55,"05773 Virginia Shoals Suite 724
Liuville, ME 91339",2720523813594450
mitchellgentry@lee.com,HID_009,False,BASIC,6.22,25 Sep 2020,26 Sep 2020,179.83,"5678 Office Road
San Francisco, CA 94103",4844248613737482
jamie39@rodriguez.com,HID_009,False,DELUXE,29.66,28 May 2020,30 May 2020,266.49,"1234 Corporate Drive
Boston, MA 02116",576081174525
christinelivingston@walter.org,HID_009,False,BASIC,7.16,14 Apr 2020,17 Apr 2020,116.49,"77 Massachusetts Ave
Cambridge, MA 02139",38946693617961
nwheeler@daniels.com,HID_009,False,BASIC,7.25,25 Apr 2020,,111.17,"Unit 8194 Box 8413
DPO AA 48502",502053264029
andrewstokes@strong-williams.com,HID_009,True,BASIC,0.0,15 Sep 2020,18 Sep 2020,107.41,"453 Robert Route
South Rodneyville, IA 64266",2454523779502036
mcintyredalton@branch.com,HID_009,False,BASIC,20.38,05 Aug 2020,06 Aug 2020,127.37,"5678 Office Road
San Francisco, CA 94103",4513790674639610
antoniopatel@johnson.com,HID_009,False,BASIC,17.54,08 Jul 2020,11 Jul 2020,123.66,"0374 Charles Groves
Lewisville, TN 33284",213196572634946
andrea88@malone.com,HID_009,False,BASIC,13.36,20 May 2020,22 May 2020,113.38,"Unit 8194 Box 8413
DPO AA 48502",377815802702726
sarahdixon@peters.net,HID_009,False,BASIC,23.51,17 Feb 2020,18 Feb 2020,106.99,"0594 Franco Pine
North Vanessamouth, ID 74555",4909185897632
ballamanda@lyons.net,HID_009,False,BASIC,12.36,11 Nov 2020,13 Nov 2020,110.88,"1234 Corporate Drive
Boston, MA 02116",30077553089576
rileyrivera@young-morris.com,HID_009,False,BASIC,22.49,08 Mar 2020,11 Mar 2020,114.04,"17647 Kelly Gateway Suite 816
New Benjaminbury, SC 58978",4866246976401
bbaker@gonzales.net,HID_009,False,BASIC,21.23,08 Dec 2020,09 Dec 2020,114.06,"5678 Office Road
San Francisco, CA 94103",2436634117017380
beardtiffany@diaz.com,HID_009,False,BASIC,36.89,23 Sep 2020,25 Sep 2020,111.27,"7406 Blackwell Crest
New Benjamin, FL 25189",630414905202
vegakathryn@wells-lee.com,HID_009,False,BASIC,21.78,07 Dec 2020,08 Dec 2020,117.67,"48852 Kendra Summit
Charlesmouth, NM 05881",180001605538065
nicole70@thomas.com,HID_009,True,BASIC,0.0,03 Dec 2020,05 Dec 2020,84.6,"54338 Cummings Square Apt. 580
New Chad, MO 34761",378638498236190
jeffrey05@franklin.biz,HID_009,False,BASIC,20.32,10 Jan 2020,14 Jan 2020,146.69,"903 Garcia Forge
New Ernestmouth, WY 54783",343773620262251
xsmith@jacobson.net,HID_009,False,DELUXE,12.67,23 Feb 2020,27 Feb 2020,250.45,"86586 Fisher Meadow Suite 753
Victoriaburgh, VA 50278",213184221039972
reneeharris@cook.com,HID_009,False,BASIC,28.43,06 May 2020,09 May 2020,111.96,"Unit 8194 Box 8413
DPO AA 48502",675969226637
david77@price-thomas.com,HID_009,False,DELUXE,27.39,25 Feb 2020,27 Feb 2020,183.11,"5678 Office Road
San Francisco, CA 94103",213126001576749
danielsamanda@bell-ray.org,HID_009,False,BASIC,30.85,25 Apr 2020,26 Apr 2020,128.08,"77 Massachusetts Ave
Cambridge, MA 02139",503839145003
sarahcole@lopez-dudley.net,HID_009,False,BASIC,26.4,15 Dec 2020,16 Dec 2020,133.77,"77 Massachusetts Ave
Cambridge, MA 02139",2269270878394387
scott17@henry.com,HID_009,True,BASIC,0.0,16 Feb 2020,17 Feb 2020,97.89,"902 Meredith Freeway Suite 443
North Robert, ID 21853",4877758135594989
andersonbrent@hooper-pitts.com,HID_009,False,BASIC,11.84,19 Sep 2020,21 Sep 2020,153.01,"755 Bradley Prairie
West Savannahchester, MI 18991",180022906883695
teresawoods@perry.com,HID_009,False,BASIC,22.37,03 Mar 2020,05 Mar 2020,113.17,"7406 Blackwell Crest
New Benjamin, FL 25189",675952534229
bellkeith@brown.net,HID_009,False,BASIC,10.2,15 Apr 2020,17 Apr 2020,108.47,"014 Jones Branch Apt. 755
Garciafurt, WY 90799",4012527774435
villarrealphillip@vasquez.com,HID_009,False,BASIC,11.65,29 Apr 2020,03 May 2020,190.66,"5678 Office Road
San Francisco, CA 94103",4607749652333
hartmancindy@hodges.net,HID_009,False,BASIC,24.77,09 Feb 2020,10 Feb 2020,114.05,"902 Meredith Freeway Suite 443
North Robert, ID 21853",4733497410379574075
mariahwang@donaldson.biz,HID_009,False,BASIC,12.2,09 Nov 2020,14 Nov 2020,114.83,"3577 Dorsey Cliff
Calebchester, MO 57180",344568689406362
scottduncan@stanley-allison.com,HID_009,False,BASIC,13.44,21 Apr 2020,23 Apr 2020,103.95,"68488 Zimmerman Squares
East Angela, NY 98873",4122983446288328
crichardson@nelson.com,HID_009,False,BASIC,5.03,08 Dec 2020,09 Dec 2020,115.55,"77 Massachusetts Ave
Cambridge, MA 02139",6011861499684321
goodmankelly@mejia.biz,HID_009,False,BASIC,39.02,27 Jun 2020,29 Jun 2020,112.6,"6720 Wyatt Turnpike Apt. 384
Lake Suzannestad, OH 37013",4645978913486379761
pshields@garcia.com,HID_009,True,SUITE,0.0,05 Mar 2020,09 Mar 2020,223.32,"74129 Jade Meadows
Nguyenside, IN 50866",3551041516524395
angelarich@nguyen.com,HID_009,False,BASIC,24.66,26 Mar 2020,29 Mar 2020,141.3,"4144 Desiree Bridge Suite 977
New Gabrielbury, AL 42091",4038562429410902
pattersontiffany@acosta-wilcox.biz,HID_009,False,BASIC,,25 Nov 2020,26 Nov 2020,125.96,"3921 Gary Key
New Anthony, CA 67385",501807519654
vcollier@haney.com,HID_009,False,BASIC,26.86,28 Feb 2020,29 Feb 2020,108.21,"3577 Dorsey Cliff
Calebchester, MO 57180",4707831408105
elizabethbarnett@castillo.biz,HID_009,False,BASIC,21.36,25 Mar 2020,26 Mar 2020,158.85,"276 Gina Island
Juliaburgh, NJ 66322",2227370955813373
hmiller@jenkins.com,HID_009,True,BASIC,0.0,03 Feb 2020,,110.38,"1234 Corporate Drive
Boston, MA 02116",376224096528981
qvasquez@smith.com,HID_009,False,BASIC,9.35,18 Aug 2020,21 Aug 2020,136.57,"58059 Ross Court
Kathrynstad, FL 37281",4016453146232967054
smithmichael@garcia.com,HID_009,False,BASIC,11.34,04 Mar 2020,05 Mar 2020,120.45,"662 Mcdaniel Lakes Apt. 268
Markport, NM 14524",342301082688093
qwalters@lewis.com,HID_009,False,SUITE,,02 Oct 2020,04 Oct 2020,276.68,"77 Massachusetts Ave
Cambridge, MA 02139",4085488161115
wangsteven@roberts.com,HID_009,False,BASIC,12.4,13 Dec 2020,15 Dec 2020,106.93,"Unit 9412 Box 5515
DPO AE 24962",6011736777124119
todd19@graham-rivera.net,HID_009,False,BASIC,33.4,31 Mar 2020,02 Apr 2020,106.24,"1234 Corporate Drive
Boston, MA 02116",3506880797949011
glenn73@garza.net,HID_009,False,BASIC,20.83,22 Apr 2020,24 Apr 2020,112.05,"86586 Fisher Meadow Suite 753
Victoriaburgh, VA 50278",180072265453408
jamesdominguez@larsen.biz,HID_009,True,DELUXE,0.0,15 Oct 2020,17 Oct 2020,152.42,"500 Eric Station
Conradport, ME 60146",2582112850339396
wdavis@jones-smith.com,HID_009,False,DELUXE,6.4,13 Apr 2020,14 Apr 2020,202.6,"245 Anne Grove
Beardhaven, MD 16010",4668751355346225
carrie54@vargas.com,HID_009,True,DELUXE,0.0,11 Feb 2020,13 Feb 2020,143.49,"98442 Carter Vista Suite 774
East Rose, MO 75704",4376536398438920
xhouston@moreno.com,HID_009,False,DELUXE,18.41,07 Nov 2020,08 Nov 2020,189.19,"1234 Corporate Drive
Boston, MA 02116",4932455795948
laurawright@mccall.org,HID_009,False,BASIC,26.76,11 Aug 2020,13 Aug 2020,110.16,"5678 Office Road
San Francisco, CA 94103",30022530965126
jenniferyoung@hopkins-marquez.com,HID_009,False,BASIC,31.14,03 May 2020,06 May 2020,158.15,"PSC 1170, Box 6183
APO AP 38609",2228384913877734
fclark@mayo.com,HID_009,False,BASIC,35.78,10 Jul 2020,13 Jul 2020,112.5,"943 White Path
Hermanbury, NY 25331",4111314567663710952
jack32@thompson-watson.com,HID_009,False,DELUXE,14.91,05 Nov 2020,07 Nov 2020,189.27,"9122 Smith Place
West Troyland, UT 02741",30374418710128
brenda70@miller.com,HID_009,True,SUITE,0.0,14 Jan 2020,17 Jan 2020,223.4,"601 Peter Path Apt. 208
Port Stephanieville, HI 05267",4070108719229
fpark@wade.com,HID_009,False,BASIC,14.82,23 Nov 2020,26 Nov 2020,130.65,"74129 Jade Meadows
Nguyenside, IN 50866",349463114545684
